X,Y
-1.114380429739459721e+00,9.433919791509534081e-01
-1.113242267983981515e+00,9.436157384610454057e-01
-1.120719259136214285e+00,9.440761825887263869e-01
-1.117773160366870133e+00,9.447267099050217221e-01
-1.121418950267411230e+00,9.502047917766248686e-01
-1.123637267033813947e+00,9.479832832339956106e-01
-1.127599662049912910e+00,9.499197963297414393e-01
-1.126860341091020512e+00,9.473556263230009655e-01
-1.118417042510748249e+00,9.508022686729071804e-01
-1.130113011230287068e+00,9.487648590315164165e-01
-1.128692831970627086e+00,9.495460224073317690e-01
-1.114646573885273995e+00,9.488814022727773967e-01
-1.119212574086518419e+00,9.452050245644758597e-01
-1.129208867250422355e+00,9.380354863706152901e-01
-1.119392129954365434e+00,9.418605647749254128e-01
-1.096102921642067241e+00,9.452282852700883975e-01
-1.098890270254450074e+00,9.395355463601717805e-01
-1.091413633923143056e+00,9.512058522551430917e-01
-1.087556884871167195e+00,9.489716681508904017e-01
-1.084016753248477016e+00,9.462274107646657662e-01
-1.089067073999782531e+00,9.456318130791453447e-01
-1.086595124848600102e+00,9.536612064318814586e-01
-1.092861866702415474e+00,9.532205017882684484e-01
-1.094025822436792694e+00,9.572048959603832730e-01
-1.096645155951440964e+00,9.619442884963985696e-01
-1.061848647757675845e+00,-6.974682881599477691e-01
-1.058663054634172429e+00,-7.046245734901568358e-01
-1.059339529140559177e+00,-7.001177327349290547e-01
-1.063023698582402865e+00,-6.973058505319427169e-01
-1.057403892756749952e+00,-6.998065328157384579e-01
-1.055471511684858088e+00,-7.006371023065792736e-01
-1.058183936674836456e+00,-6.976571618099142169e-01
-1.059528199740861210e+00,-7.003494818268487521e-01
-1.061464787246838792e+00,-7.012735258858209253e-01
-1.057720109348067261e+00,-7.051118222542614999e-01
-1.055003608083951550e+00,-6.993781766802229516e-01
-1.053217362269280866e+00,-7.027420974323574931e-01
-1.057610642690518077e+00,-6.951974349667147113e-01
-1.054927668764353843e+00,-6.996681718293231711e-01
-1.055014463375365308e+00,-6.978990280465309226e-01
-1.048720781774426847e+00,-7.027099393254042647e-01
-1.044871684854917770e+00,-7.018450685777481990e-01
-1.042156147295405066e+00,-7.025696423584003592e-01
-1.047828633769359641e+00,-6.960174972341435229e-01
-1.047063468806797015e+00,-6.957443463063637257e-01
-1.049293460848913728e+00,-6.938109608077140944e-01
-1.048983969634895042e+00,-6.942271184232097214e-01
-1.050583670295229588e+00,-6.973674335112374223e-01
-1.049443129977682521e+00,-7.011743486531032410e-01
-1.047281413897251490e+00,-7.097858779624397485e-01
-1.048029197539978474e+00,-7.060589524560364483e-01
-1.049324963314086201e+00,-7.021710947960796423e-01
-1.051631688339913051e+00,-7.031896414148938179e-01
-1.049856850982993084e+00,-7.025074606430954383e-01
-1.049507651133778863e+00,-6.989458386940881063e-01
-1.047935081679950198e+00,-6.926725760926891740e-01
-1.048348975362580315e+00,-6.901407531370810089e-01
-1.046004744861612101e+00,-6.919460298039600277e-01
-1.047949921591624811e+00,-6.904098007269391379e-01
-1.050301097548531626e+00,-6.890946960511725727e-01
-1.051267543052197606e+00,-6.892101776291518211e-01
-1.052618659991511274e+00,-6.869867802319447048e-01
-1.051951817365515351e+00,-6.846000706939920910e-01
-1.051862996830427166e+00,-6.822440673835132863e-01
-1.052993804933422206e+00,-6.849863293338877002e-01
-1.056421681517636602e+00,-6.836761576598197054e-01
-1.055594294438374270e+00,-6.827063157519839276e-01
-1.054112324850728477e+00,-6.799405888620474459e-01
-1.058586458170484912e+00,-6.826635422090652217e-01
-1.058430473116164450e+00,-6.770874207471371253e-01
-1.058987790808660678e+00,-6.769341141170313048e-01
-1.058191450530256317e+00,-6.811533235976469092e-01
-1.056824113143154609e+00,-6.854085040270945228e-01
-1.055135316673832424e+00,-6.857331248305065241e-01
-1.056072955084116138e+00,-6.872990482231100540e-01
-1.050684009930787033e+00,-6.923886420049937263e-01
-1.051023827690072299e+00,-6.882345225343816653e-01
-1.050201618122350578e+00,-6.875259771983770474e-01
-1.050182996841681149e+00,-6.859186269548991355e-01
-1.048517130760771021e+00,-6.739595175521769788e-01
-1.047862988684359120e+00,-6.743310731337326391e-01
-1.046333676224099563e+00,-6.712289829776973971e-01
-1.046143798579200812e+00,-6.710244791275803422e-01
-1.045155486919975285e+00,-6.714201990411874377e-01
-1.047214704828972609e+00,-6.730478863457060035e-01
-1.052133092605152198e+00,-6.666629423331774662e-01
-1.053260361855520522e+00,-6.675246042992296625e-01
-1.049575399243649620e+00,-6.778705014315271615e-01
-1.052576368704405629e+00,-6.781164677412220287e-01
-1.047774707232094871e+00,-6.781516336441704151e-01
-1.051552731106710326e+00,-6.769078310536266185e-01
-1.052372431274839482e+00,-6.724194018921330063e-01
-1.050739290448503560e+00,-6.718343941809274966e-01
-1.049377557114130610e+00,-6.783456328392661883e-01
-1.048278631289519147e+00,-6.773599819839085656e-01
-1.048556469194528606e+00,-6.792196802110800347e-01
-1.049042683554736843e+00,-6.793612168247278316e-01
-1.047113640901301324e+00,-6.771510551228475672e-01
-1.044854317585224290e+00,-6.795815332389804064e-01
-1.048868845972901420e+00,-6.739468556948762235e-01
-1.048788098740320196e+00,-6.772547569527017641e-01
-1.046435398640006120e+00,-6.813903448542028007e-01
-1.047747437020203787e+00,-6.790473804391088386e-01
-1.050929354995125298e+00,-6.748466530844930977e-01
-1.054058991240308440e+00,-6.750629416965585605e-01
-1.051055211541979117e+00,-6.789865649764850186e-01
-1.051533667719513954e+00,-6.793744704131772227e-01
-1.048162579506095149e+00,-6.782070583553756471e-01
-1.046182037082944660e+00,-6.781009478423720704e-01
-1.049810084767484053e+00,-6.799071616833440856e-01
-1.049613002354647939e+00,-6.854777954120307992e-01
-1.046979265510530777e+00,-6.832447909369030459e-01
-1.044043689303003619e+00,-6.890599497674172458e-01
-1.039952478896621013e+00,-6.835580376739793795e-01
-1.038560713695545923e+00,-6.820341018281678158e-01
-1.041240079241628091e+00,-6.764338693322302642e-01
-1.040575752292051792e+00,-6.788632943489268934e-01
-1.036056551793960834e+00,-6.902014587227816023e-01
-1.037821405954010734e+00,-6.864670749001846595e-01
-1.041017227324568140e+00,-6.862950425131930654e-01
-1.040456934125945088e+00,-6.852694746771021972e-01
-1.041249835277730185e+00,-6.868691105526566476e-01
-1.041652044928998322e+00,-6.863083284544455598e-01
-1.043888257473248427e+00,-6.738639985172372171e-01
-1.042758122832529111e+00,-6.689713736849176584e-01
-1.037118682431917405e+00,-6.712075933550143425e-01
-1.038766253787187122e+00,-6.762911497988590703e-01
-1.038618450640814483e+00,-6.712091594066462719e-01
-1.041882134353113942e+00,-6.678583761332865798e-01
-1.040632311806193755e+00,-6.692050128480782067e-01
-1.039577410670817770e+00,-6.641343729801036933e-01
-1.039765881296156325e+00,-6.636231101384217901e-01
-1.040861320506281995e+00,-6.674734947391093298e-01
-1.040346691686830027e+00,-6.662453363954949914e-01
-1.039841413572474060e+00,-6.613496535136732524e-01
-1.037360431971356522e+00,-6.598646678850950131e-01
-1.038835072868896869e+00,-6.644124809426960043e-01
-1.040232062174834216e+00,-6.640125681725392859e-01
-1.039386049816922952e+00,-6.609470049184861251e-01
-1.036878540170367735e+00,-6.645720107567051338e-01
-1.038649511926835967e+00,-6.679173430215177287e-01
-1.040090561570542249e+00,-6.700855093851377786e-01
-1.039131861170394799e+00,-6.691435122425705151e-01
-1.043657233928333428e+00,-6.897582077814562451e-01
-1.044204722674714425e+00,-6.871544558507023392e-01
-1.045474277360737059e+00,-6.824171001865760866e-01
-1.045242279912054872e+00,-6.781741605590712041e-01
-1.041217012407134268e+00,-6.747304560348241775e-01
-1.046597835489735173e+00,-6.788277900153043554e-01
-1.045036469113652888e+00,-6.723569696869844403e-01
-1.047005369139978104e+00,-6.802121327644038429e-01
-1.053137095585846339e+00,-6.856923390250594386e-01
-1.050316685706895070e+00,-6.826718006717918952e-01
-1.053547073285478142e+00,-6.879758177312221834e-01
-1.053810526591146601e+00,-6.918532628794892281e-01
-1.044076413908077816e+00,-6.898126879615755769e-01
-1.049047834899171416e+00,-6.908100278097297764e-01
-1.055107520506760155e+00,-6.860701029500063663e-01
-1.053797273011850777e+00,-6.805022644345610772e-01
-1.051476427045985096e+00,-6.797566674088616478e-01
-1.051949462312403494e+00,-6.799879826252172021e-01
-1.053980991658113542e+00,-6.813558002889282816e-01
-1.051880620266164801e+00,-6.642624969179498073e-01
-1.052669175300885218e+00,-6.653014337609477469e-01
-1.057352496677154141e+00,-6.836981322888817658e-01
-1.054507565495526933e+00,-6.832819295708896234e-01
-1.053164302419118625e+00,-6.833873042921463359e-01
-1.049405215687475357e+00,-6.817566667057007868e-01
-1.047825056669798638e+00,-6.841514976728305664e-01
-1.053410328291314979e+00,-6.917404880372788334e-01
-1.053967540740148312e+00,-6.914964552112794482e-01
-1.055890549848698123e+00,-6.933085642044083396e-01
-1.047114294766950948e+00,-6.893040695995666933e-01
-1.046227878802368672e+00,-6.907621073580118010e-01
-1.048888849046139438e+00,-6.917700389561949326e-01
-1.052524454381670083e+00,-6.948263788651354300e-01
-1.048944048475536128e+00,-6.925765598265952727e-01
-1.057007457125564764e+00,-6.988014721246313954e-01
-1.057043735616336466e+00,-6.981829523075832045e-01
-1.056041104134695319e+00,-6.978600736827342832e-01
-1.061505743677861435e+00,-7.014978606069246503e-01
-1.061489697321194470e+00,-7.064525818557376713e-01
-1.059858416905023804e+00,-7.016016697226233889e-01
-1.062546896332827506e+00,-7.056359984330551338e-01
-1.061605341545682979e+00,-7.077391079817455521e-01
-1.059196551061702518e+00,-7.060498442724981727e-01
-1.058381111025710641e+00,-7.068580438078070349e-01
-1.062704102195650480e+00,-7.092655760697701428e-01
-1.054064207056144342e+00,-7.038632884536367706e-01
-1.059119730209755250e+00,-7.056931638107650784e-01
-1.059440021244953956e+00,-7.077495932729891415e-01
-1.353176214164586444e-03,-1.961165416691240448e+00
1.792854174314462146e-03,-1.970817983589604472e+00
-2.089126171710642410e-03,-1.966171945442512836e+00
-7.067856190966392838e-03,-1.961442924856274583e+00
-7.615633510611508061e-03,-1.961196975915264096e+00
-6.315659105395332595e-03,-1.960008976299736805e+00
-1.298798543290152763e-02,-1.966645535974530956e+00
-6.290892451710938804e-03,-1.958518574984305705e+00
-1.051168079521908050e-02,-1.958036797965669207e+00
-1.134552875500050018e-02,-1.961395250248546551e+00
-1.263209467085096849e-02,-1.960238186835929763e+00
-1.419444144339909730e-02,-1.961927240188355626e+00
-1.918167417111049655e-02,-1.960123278700574678e+00
2.632740625734186768e-02,-1.963254805536381653e+00
3.962905677914047020e-02,-1.966506460694319447e+00
4.866554482436796780e-02,-1.957289195837437656e+00
4.421658354373825262e-02,-1.953418389247274733e+00
4.124433267191912611e-02,-1.948988387907788056e+00
3.837483509348998956e-02,-1.949159720629404902e+00
3.865971721759037250e-02,-1.949991815196135736e+00
4.199788327502879115e-02,-1.949090839671101305e+00
-1.070727235282525003e+00,-7.399813542626759721e-01
4.464166437525290965e-02,-1.945237412567577984e+00
-1.068278985557943095e+00,-7.377926355139943215e-01
3.812036155260176140e-02,-1.946558145397662809e+00
-1.076380051654847625e+00,-7.567042208002804360e-01
4.376751968086320388e-02,-1.948593791201844283e+00
4.649400260812511232e-02,-1.949311725750959123e+00
4.073865088469530438e-02,-1.946453558245919702e+00
3.656216194155703647e-02,-1.944975457761391358e+00
4.375086528616201065e-02,-1.947903996472944099e+00
3.967206533300673965e-02,-1.948230614163150909e+00
3.691708653745795488e-02,-1.949947989201921805e+00
3.700067220892785946e-02,-1.949108361081735907e+00
4.348125869242477903e-02,-1.944683146844953914e+00
3.913948819964399584e-02,-1.944927640750929942e+00
4.356879012976558330e-02,-1.948648854091666216e+00
4.968121291504740134e-02,-1.940516164461857596e+00
5.929525284942455121e-02,-1.931403590199407994e+00
5.377845069787587362e-02,-1.932687877020871969e+00
5.083875498866533005e-02,-1.924567452274817736e+00
5.070376088567746242e-02,-1.923372834921001528e+00
5.409389481744289463e-02,-1.921885799458069144e+00
5.444500879254951520e-02,-1.928057163854791867e+00
5.875611569412478308e-02,-1.929320898405260110e+00
6.461728500207947201e-02,-1.926620914808407470e+00
6.456401857545396306e-02,-1.925041007999972908e+00
5.849507915014096060e-02,-1.935297735902141492e+00
6.108166555673374964e-02,-1.925272916598152584e+00
6.473861925892049340e-02,-1.922441449622190435e+00
5.880620296847174910e-02,-1.922451690853903328e+00
5.485740166564095910e-02,-1.933546044629980365e+00
5.509599777754015104e-02,-1.930261264943619270e+00
5.634312140503511257e-02,-1.919611654542967116e+00
5.403326648576256552e-02,-1.918067896237465986e+00
5.379873793610029376e-02,-1.929881473662395042e+00
5.466008868399580001e-02,-1.922930046519001568e+00
5.864953535872569068e-02,-1.919414492257505600e+00
5.900765326901907804e-02,-1.919944925272093261e+00
-1.043415264323312552e+00,-7.105855389232116348e-01
6.053041767269395912e-02,-1.914980432281075284e+00
-1.049341370270004070e+00,-7.065087627200713483e-01
6.677212461510739772e-02,-1.917256576749875041e+00
-1.044550719270974426e+00,-7.073713879097049961e-01
6.654932504557520279e-02,-1.926035349349141335e+00
-1.035406487145741572e+00,-7.088625802691217448e-01
7.087178547153666353e-02,-1.919769462170808572e+00
-1.038441149431798660e+00,-7.023676741297482096e-01
7.206045123763510363e-02,-1.928052603716231994e+00
-1.032701475653188039e+00,-7.063059450476135703e-01
8.251984260600947474e-02,-1.913647311895816383e+00
-1.033080740898943528e+00,-7.075472504921206385e-01
-1.027807376186069988e+00,-7.090493035021820933e-01
-1.027654450720746793e+00,-7.036696179669436058e-01
-1.023389603407623083e+00,-7.041233526059605952e-01
-1.025269037289651131e+00,-7.076145277012908519e-01
-1.024806250836333366e+00,-7.089882460005276776e-01
-1.019725753266675472e+00,-7.125574494531761172e-01
-1.020260998455565948e+00,-7.115964773099074936e-01
-1.019571157272913364e+00,-7.114212667338060125e-01
-1.026301461891084843e+00,-7.084295096569651617e-01
-1.024325390235143907e+00,-7.083882874757529979e-01
-1.025852623091809468e+00,-7.030105162045489076e-01
-1.025600061478926683e+00,-7.049145406331579489e-01
-1.031365473311982139e+00,-6.980267459651915418e-01
-1.043440803113230508e+00,-6.928226225804383631e-01
-1.037916449515492445e+00,-6.975103549287636762e-01
-1.036115581921007500e+00,-6.993751697424677172e-01
-1.042466125227459850e+00,-6.930705338178823061e-01
-1.032436187417750340e+00,-6.962262397532387181e-01
-1.031278463980367599e+00,-6.922749999788064823e-01
-1.022004870189904047e+00,-6.991867564887507269e-01
-1.033409004457246816e+00,-6.863830415921675643e-01
-1.030768496882919605e+00,-6.907915032322123894e-01
-1.024427971048810226e+00,-6.994688137052663679e-01
-1.028830343070552322e+00,-6.900206842041246569e-01
-1.027058366503516229e+00,-6.872754461307584162e-01
-1.022302476784116232e+00,-6.871445338042372342e-01
-1.018136241123777541e+00,-6.938130657178107619e-01
-1.018643048518782512e+00,-6.900391405985083493e-01
-1.016398048993215619e+00,-6.959943917192836782e-01
-1.015057285608669702e+00,-6.963017236044699576e-01
-1.016919142183033697e+00,-6.889847688848232954e-01
-1.011031669120346255e+00,-7.020973322842321007e-01
-1.012554277690560500e+00,-6.967069680512423258e-01
-1.005361744782320876e+00,-7.139116750912906095e-01
-1.004432087846805155e+00,-7.223648992645157474e-01
-1.005767486889203255e+00,-7.227497485894998075e-01
-1.004846673631905052e+00,-7.217575183399383976e-01
-1.006069379680461395e+00,-7.203579648587900008e-01
-1.005592549916567435e+00,-7.214405969580811595e-01
-1.006033058650029455e+00,-7.216022357081575134e-01
-1.007407795021999952e+00,-7.190477375818147276e-01
-1.005494344538951035e+00,-7.271281139296166263e-01
-1.007527965314883422e+00,-7.262640983575658904e-01
-1.003712575953553010e+00,-7.270344757194224794e-01
-1.001786948244204112e+00,-7.253501942235118793e-01
-9.995131780456800730e-01,-7.293036800954024734e-01
-9.992685640732497099e-01,-7.336848488907478094e-01
-1.003743037001418204e+00,-7.341451395184490636e-01
-1.003544825907745075e+00,-7.390230243298974155e-01
-1.004435344778782158e+00,-7.386308698878584211e-01
-1.005527424589439223e+00,-7.427142901312757672e-01
-1.000544213404866323e+00,-7.453144171993782985e-01
-9.987552521427167651e-01,-7.402374684961081641e-01
-1.000993227610086800e+00,-7.362150769438026154e-01
-1.002818708571910911e+00,-7.341847988221671395e-01
-1.004278809699432840e+00,-7.367017645952746996e-01
-1.002171811412428282e+00,-7.405064009749666720e-01
-1.002589482669212106e+00,-7.396678525722435449e-01
-1.002150290601218297e+00,-7.392211810226917423e-01
-1.000689843921435340e+00,-7.375392437807707369e-01
-1.002436629162201331e+00,-7.323466506860566438e-01
-1.002126581808588046e+00,-7.322333310541353502e-01
-1.000706020794229545e+00,-7.358091158393655906e-01
-1.002562492552112161e+00,-7.365029181062905383e-01
-1.003214894485153108e+00,-7.363548338565382156e-01
-1.005254557111520120e+00,-7.311612600378574189e-01
-1.003264668258725401e+00,-7.331087547996415488e-01
-9.998297390613479774e-01,-7.382778737441244576e-01
-1.000904671798340972e+00,-7.346898078826349376e-01
-1.001914753901281818e+00,-7.353338876999225837e-01
3.669152049714970998e-01,-3.305455277984619133e-01
-1.001649914169904676e+00,-7.322558427163841088e-01
3.719822425897412188e-01,-3.285413923547104154e-01
-9.999222647362100425e-01,-7.264006885293452509e-01
3.794224824437369969e-01,-3.249089002723576369e-01
-1.002422611663156049e+00,-7.240228793970052701e-01
3.694145344528344532e-01,-3.173802120113005110e-01
-1.003725102928124446e+00,-7.245744754440328617e-01
3.754748648591462734e-01,-3.160155324646303776e-01
-1.005309226769632414e+00,-7.213139537885771002e-01
3.696430811302858777e-01,-3.108571492933555613e-01
-1.005023565811970609e+00,-7.216730157626722875e-01
3.662064114789211899e-01,-3.091166718008080405e-01
-1.006501223508029286e+00,-7.243269188717169627e-01
3.663105865236253589e-01,-3.167021613447593698e-01
-1.005815267804300417e+00,-7.301607405001724338e-01
3.610080492945602071e-01,-3.165147942862549524e-01
-1.006796293492975947e+00,-7.269065699699703842e-01
3.599446997144445382e-01,-3.169639565755071331e-01
-1.008746000832700052e+00,-7.241304297484896235e-01
3.553290176741403794e-01,-3.171248615506519486e-01
-1.009445546995174192e+00,-7.212885789309662066e-01
-1.004177959159821887e+00,-7.220767050048566560e-01
-1.001659364284319675e+00,-7.234306222383222185e-01
-1.005096599730973317e+00,-7.191124906812627060e-01
-1.001203831520759646e+00,-7.170765592287524637e-01
-9.980619460488298067e-01,-7.200212192447835724e-01
-1.000115621721048509e+00,-7.192911369270008626e-01
-1.000854534336319546e+00,-7.158942627565141326e-01
-1.000273032253260475e+00,-7.160075250112366563e-01
-1.000876843069028910e+00,-7.147594171119970863e-01
-1.003811954330013689e+00,-7.136011949621288153e-01
-1.004506444084755090e+00,-7.148092544221271716e-01
-1.005722556004676083e+00,-7.161867909790130549e-01
-1.005524936689399018e+00,-7.148159462658733032e-01
-1.003787637974973723e+00,-7.180818062175851058e-01
-1.003114414033127400e+00,-7.148678186640788912e-01
-1.003161571142313635e+00,-7.080127925267847289e-01
-9.988712436891200586e-01,-7.126069161888359815e-01
-1.000351224839853836e+00,-7.146796285863248333e-01
-1.004466194826758585e+00,-7.179745116339062427e-01
-1.001975786712281602e+00,-7.157410903010061887e-01
-9.975528564562282652e-01,-7.182004778592285810e-01
-9.968900468048615959e-01,-7.170393538902115615e-01
3.751314198477370132e-01,-3.177514098096008155e-01
-1.000618998946719129e+00,-7.208240005449422227e-01
3.781989381844892417e-01,-3.203950884898676410e-01
-9.999735130399030059e-01,-7.238898723696322035e-01
3.790270304255743961e-01,-3.213849390708456433e-01
-1.000106007350506143e+00,-7.234595451243168718e-01
3.789203144023094438e-01,-3.206237925967347913e-01
-1.000819933577874687e+00,-7.252975053469974398e-01
3.779560239210107975e-01,-3.222752621601005507e-01
-1.006898269041982097e+00,-7.267059435390867961e-01
3.749268597011278237e-01,-3.271013070008176871e-01
-1.008601212309741424e+00,-7.281453910554764875e-01
3.695650535241348233e-01,-3.246785178953779938e-01
-1.013732996704316491e+00,-7.322076422354049097e-01
3.602569531410045878e-01,-3.322552344178200112e-01
-1.014956803297768495e+00,-7.331722302117855694e-01
3.636773850285613952e-01,-3.310900799836598574e-01
-1.014657334910791686e+00,-7.339285232894598998e-01
-1.015201973624261900e+00,-7.338919250681565920e-01
3.511873089939235859e-01,-3.379732440304032415e-01
-1.019912917048584333e+00,-7.294968523326323950e-01
-1.017630588706470496e+00,-7.285667531522331819e-01
-1.012514493740673593e+00,-7.260927738297762168e-01
-1.013498139136837395e+00,-7.232575893020347646e-01
-1.012236204107302306e+00,-7.193624514161091055e-01
-1.013347248870777761e+00,-7.175482179378696035e-01
-1.013350949157810543e+00,-7.180158485882842667e-01
-1.020746596870652834e+00,-7.159216404366404163e-01
-1.023808456318655136e+00,-7.123890995089134925e-01
-1.019003848929326050e+00,-7.148833543553256842e-01
-1.014552731759359450e+00,-7.173402285969330272e-01
-1.019778753693919571e+00,-7.128423622257413772e-01
-1.024081786944543548e+00,-7.187804286415603316e-01
-1.030001900981788454e+00,-7.207620915951332696e-01
-1.019843684193733502e+00,-7.272406626196316060e-01
-1.026078188882183717e+00,-7.243857818766759049e-01
-1.015887939764884118e+00,-7.232673411139035613e-01
-1.009851903354650915e+00,-7.185406441348218820e-01
-1.000415662431312525e+00,-7.200531617014467312e-01
-9.943112502743929326e-01,-7.268041776856446479e-01
-9.922834471448668259e-01,-7.235934717782170900e-01
-9.917161329488456412e-01,-7.277832569265431095e-01
-9.913227827867998609e-01,-7.307941354197351469e-01
-9.859397261075362184e-01,-7.306835465299008625e-01
-9.799075788217193050e-01,-7.352243550775137138e-01
-9.797804559311225070e-01,-7.397797411263319356e-01
-9.869787411750484685e-01,-7.408978762759970138e-01
-9.953748212998527745e-01,-7.344965213968820406e-01
-9.990164766155414933e-01,-7.367283321926085815e-01
-9.977300189376048234e-01,-7.461236258690286949e-01
-1.001234586754259581e+00,-7.410286569614217278e-01
-9.973904606876904388e-01,-7.467364092818000731e-01
-1.000100292610483388e+00,-7.465174154723224209e-01
-1.001402096004700537e+00,-7.413058585626184360e-01
-1.002430819007818386e+00,-7.347999019581988867e-01
-9.967960689712143107e-01,-7.359431390477604307e-01
-9.909322873946133647e-01,-7.278410872856725389e-01
-9.949853179608788567e-01,-7.243433807165471361e-01
-9.905659060298210861e-01,-7.207589790500643634e-01
-1.001767044733478551e+00,-7.226955776412546939e-01
3.650649162662585878e-01,-3.205968112738680209e-01
-9.982548289256359952e-01,-7.240421963266989724e-01
-9.972960527375371864e-01,-7.222179422835853790e-01
3.760712081844510557e-01,-3.140914164792405483e-01
-1.001903903451874411e+00,-7.189876430027249965e-01
3.696669411095154789e-01,-3.172800778665228472e-01
-1.008066194021140394e+00,-7.212045741375052721e-01
3.702207186622171742e-01,-3.096794294989794194e-01
-1.011780143728031822e+00,-7.228434717083529470e-01
3.633074855222642174e-01,-3.140747417686365894e-01
-1.009717347589144998e+00,-7.256086109575075049e-01
3.634039898765948351e-01,-3.192504875281717558e-01
-1.010130544225064098e+00,-7.240757709449271440e-01
-1.011278666704110263e+00,-7.276431116489870954e-01
-1.011721134274767842e+00,-7.295611248846782804e-01
-1.012133999453615152e+00,-7.212581187962529006e-01
-1.013693359666069327e+00,-7.164009783733195080e-01
-1.019613995421961850e+00,-7.124586757408951643e-01
-1.022296880862415325e+00,-7.135903700010701733e-01
-1.016192475365541359e+00,-7.209847745380154604e-01
-1.013440792031160109e+00,-7.244293588056051059e-01
-1.011777900139055220e+00,-7.286289282093029174e-01
-1.014291810212881062e+00,-7.264749976534821130e-01
-1.016597826921877168e+00,-7.282475283063961635e-01
-1.013870912310788741e+00,-7.265655617429224167e-01
-1.005060821244371017e+00,-7.297572058213416257e-01
-9.972503914095705024e-01,-7.302705544097412016e-01
-9.989905594483274864e-01,-7.296002205851571665e-01
-9.985431966604562115e-01,-7.279709594517863591e-01
-9.983091958764460649e-01,-7.284514853828590875e-01
-9.962691310577400650e-01,-7.309087946503827204e-01
-9.951832222891292545e-01,-7.331793943260874746e-01
-9.926145436336210048e-01,-7.363299661797029216e-01
-9.883905038439868562e-01,-7.380439483756930930e-01
-9.928146671880158092e-01,-7.347154954600259025e-01
-9.993266176714525884e-01,-7.425419867634888149e-01
-9.888030996313601495e-01,-7.396945796374825299e-01
-9.929823757044449195e-01,-7.363943517671691641e-01
-9.944403487317912127e-01,-7.341865339899417142e-01
-9.978136905223312647e-01,-7.420640649557743718e-01
3.778487210883253455e-01,-3.315477537680184827e-01
-9.996739195370504261e-01,-7.410273771437461132e-01
3.757733806561404100e-01,-3.207325875272349358e-01
-9.897953331735718230e-01,-7.463569669477204682e-01
3.915707495782000391e-01,-3.283835861361315556e-01
-9.857798449337525915e-01,-7.443288565147905267e-01
3.941604094353285959e-01,-3.232375998706108478e-01
-9.864857380222835648e-01,-7.357924611076499533e-01
3.971127811492807247e-01,-3.232497086228732774e-01
-9.923898345659525333e-01,-7.356939479718571651e-01
3.919484214682412704e-01,-3.217611559448376735e-01
-9.876563905966897483e-01,-7.399605211828746976e-01
4.003396572128092856e-01,-3.282140612088311760e-01
-9.952575048147962455e-01,-7.371212389162576928e-01
3.940007642445073621e-01,-3.263476277490281463e-01
-9.924755356865608835e-01,-7.335954014533243583e-01
3.972212105870839283e-01,-3.259317999962410561e-01
-9.956290238311058527e-01,-7.268019413520389049e-01
3.922220096058893768e-01,-3.212488870757016501e-01
-9.985630575163557676e-01,-7.276640578288335881e-01
3.888332224082675648e-01,-3.189740067628202835e-01
3.913858509034137123e-01,-3.140413194364922167e-01
3.952548925469568375e-01,-3.158179077578076588e-01
3.916808331530767795e-01,-3.185205593246107081e-01
3.868624169378394595e-01,-3.207690415068293888e-01
3.783711146279786774e-01,-3.245159886077919609e-01
3.782205952378635549e-01,-3.289930019994218857e-01
3.709157595434310339e-01,-3.312595855844646664e-01
3.711380389736814722e-01,-3.326820832540201556e-01
3.747332521689219487e-01,-3.338182283038374498e-01
3.746105747497690541e-01,-3.307591122347121604e-01
3.817566431639992652e-01,-3.252397971068985427e-01
3.861567280867219676e-01,-3.249085107031426389e-01
3.899888609579684196e-01,-3.240044966628756740e-01
3.856792391038416645e-01,-3.230879850070005332e-01
3.811465110148388735e-01,-3.208384803203433444e-01
3.817312797552374626e-01,-3.263685100571151465e-01
3.720726375229814198e-01,-3.268761265207936195e-01
3.672543630268639836e-01,-3.250449521840319544e-01
3.676344730191608012e-01,-3.311995184552742888e-01
3.677419840736031453e-01,-3.306376780068827070e-01
3.657374511132788220e-01,-3.268763710913450415e-01
3.621556476267073221e-01,-3.251021169335737704e-01
3.602281175544447822e-01,-3.255281981040235029e-01
3.609149944619949868e-01,-3.282120628546683627e-01
3.593290622000114842e-01,-3.323595993107997248e-01
3.586102141155619316e-01,-3.284588815581664378e-01
3.562531934271060963e-01,-3.196277872961222899e-01
3.588967966956021494e-01,-3.149804605048006634e-01
3.694821497474049532e-01,-3.144271528311345376e-01
3.723227518525596413e-01,-3.211768944054702590e-01
3.806788985155095117e-01,-3.251880389634959068e-01
3.785842669088707035e-01,-3.146329205224039915e-01
3.791921505300605011e-01,-3.154989556709202336e-01
3.859435155827987129e-01,-3.158180570513942076e-01
3.984614996753025884e-01,-3.220073165808026716e-01
3.919596579198994513e-01,-3.281759562100711181e-01
3.986831258251601895e-01,-3.248336371447874127e-01
4.105510018650593285e-01,-3.295116476874832556e-01
4.014194374777524943e-01,-3.334282022468818552e-01
3.905924523722063002e-01,-3.342101592979037084e-01
3.933179073694242911e-01,-3.340630725102078369e-01
3.838371884309357274e-01,-3.326491961823780930e-01
3.878687539237008486e-01,-3.301403046155895193e-01
3.787545085760838370e-01,-3.238442176314541010e-01
3.811787971839153411e-01,-3.296801842166957597e-01
3.732010531488160199e-01,-3.307479705649730706e-01
3.715593639973914231e-01,-3.350540207232175494e-01
3.697579839546029090e-01,-3.415968851128753370e-01
3.656822425751201644e-01,-3.469906969486112880e-01
3.643848634022728294e-01,-3.424893881699088150e-01
3.691873894631619857e-01,-3.455678488890053801e-01
3.702848551302225788e-01,-3.421694701696551544e-01
3.671763517737998139e-01,-3.414213595226820441e-01
3.666648082010643961e-01,-3.314444230813557990e-01
3.648349297846165129e-01,-3.238197514657338294e-01
3.627975336094994563e-01,-3.237953680572674964e-01
3.625238766085880915e-01,-3.239142201255928999e-01
3.589007004673431256e-01,-3.253917096582989998e-01
3.615061905424173938e-01,-3.313731041512837372e-01
3.664280901409677771e-01,-3.302298010782290794e-01
3.737290025431546647e-01,-3.322382782766928333e-01
3.693832391312976693e-01,-3.304008055137164224e-01
3.648875963997171845e-01,-3.299063250653715418e-01
3.648602099152082889e-01,-3.277175009682846696e-01
3.629221804854079747e-01,-3.260257767393600625e-01
3.640582459315142572e-01,-3.229378516499207818e-01
3.611537539453300028e-01,-3.138220091857629179e-01
3.590344017303159774e-01,-3.167026942076633378e-01
3.571510184078870442e-01,-3.188689565099382395e-01
3.564256060280984184e-01,-3.159234454051955132e-01
3.652024554923566368e-01,-3.280666783732284486e-01
3.634373204392609691e-01,-3.316949273526548780e-01
3.742751420157034992e-01,-3.146972428884813877e-01
3.825621710577139511e-01,-3.131262084175712168e-01
3.822810942173808235e-01,-3.205508016790962755e-01
4.005575560039004723e-01,-3.186500823471913324e-01
4.015093447729003451e-01,-3.274535368806362201e-01
3.932725928681818361e-01,-3.220831962431404127e-01
3.768756622086406605e-01,-3.306337649529493272e-01
3.998298752764426478e-01,-3.269201832925040518e-01
4.132590854276765313e-01,-3.159890752645516665e-01
3.902017632313730111e-01,-3.265789674504018802e-01
3.819246337424050952e-01,-3.210257178746315221e-01
3.961791677968582448e-01,-3.124662116715846150e-01
6.692417132025204607e-01,8.506660959414353851e-01
6.677757941098820815e-01,8.538478017431549993e-01
6.698378227136847496e-01,8.552803335283075681e-01
6.809795153614122132e-01,8.589814761751786154e-01
6.810928064137169446e-01,8.568415309560055704e-01
6.967398057363771713e-01,8.666339401364344663e-01
6.963904706772471309e-01,8.618264267948830826e-01
7.012471441110039727e-01,8.575115944879776464e-01
7.182021816370428580e-01,8.657642367884281764e-01
7.149339089442092732e-01,8.634251752128505597e-01
7.026059278041725253e-01,8.634382963546601841e-01
6.934605794132608914e-01,8.636059438806585886e-01
6.874336328567429710e-01,8.636912137287471314e-01
6.713126111627937265e-01,8.578704990626655480e-01
6.524287393441715599e-01,8.474322027201983687e-01
6.500327374686575288e-01,8.360044099398671325e-01
6.534231267332022419e-01,8.370536783034320250e-01
6.502896579561386892e-01,8.419739863723941786e-01
6.527292965748019427e-01,8.426258350418931453e-01
6.548094965759170272e-01,8.585402197022288240e-01
6.598922814151584326e-01,8.611028308518190455e-01
6.656388508742802079e-01,8.625940131185805271e-01
6.659281613443123193e-01,8.605155736770897512e-01
6.652126775993516539e-01,8.716024879312357365e-01
6.658776747630340553e-01,8.723166444611635262e-01
6.685543409477031629e-01,8.640786278236682882e-01
6.719877241946171642e-01,8.497183186273290501e-01
6.713493967534150952e-01,8.425195773240097274e-01
6.737179275067843864e-01,8.544294657599489362e-01
6.847286251438247096e-01,8.591893692141712169e-01
6.876479147586960217e-01,8.510966856423338722e-01
7.047976495145165110e-01,8.534640900349146353e-01
6.984482272679131132e-01,8.503611675097721978e-01
6.944934046537321048e-01,8.564131913250256911e-01
6.984898834026185277e-01,8.605929245087776680e-01
6.892281200140855102e-01,8.574271478901385191e-01
6.890050050664592307e-01,8.637291674896198090e-01
6.825356532143520560e-01,8.547317469945673318e-01
6.818365583530804352e-01,8.545416692296734507e-01
6.774073071152972858e-01,8.519992266142656367e-01
6.813355017909805689e-01,8.490854480522066483e-01
6.863609314493571700e-01,8.426508869752611375e-01
6.838478093160572646e-01,8.353068800716758613e-01
6.947395893652319465e-01,8.358521474150382158e-01
6.965557003198081798e-01,8.391053865814335211e-01
1.897063694204921935e+00,1.100784382230987068e+00
6.943517952809434846e-01,8.348452063436365700e-01
6.885247498306729108e-01,8.296285252848036862e-01
6.884577824073040420e-01,8.230946296684205077e-01
6.844713580620902516e-01,8.180819554033100793e-01
1.961877686553179512e+00,8.827266488780616260e-01
6.856738786727737400e-01,8.196923085748069049e-01
6.949625176497375989e-01,8.214915593774544389e-01
6.941081338494839992e-01,8.334741244215567724e-01
6.939561777315845781e-01,8.380681092838639934e-01
6.828890790581421122e-01,8.413943165636410537e-01
6.706295853951707020e-01,8.529497779952071035e-01
6.615809374445822399e-01,8.540809241901367033e-01
6.540809882778138018e-01,8.500544446353170969e-01
6.509913960406037425e-01,8.408463083219723799e-01
6.454965162871995066e-01,8.414259337134195604e-01
6.353592651210028253e-01,8.438466802259136923e-01
6.340506992392324070e-01,8.404654672336016041e-01
6.273563695351225267e-01,8.408521051149027148e-01
6.295387181463181214e-01,8.379251924720029221e-01
6.377772514667439108e-01,8.337566652399972522e-01
6.379765507121946122e-01,8.363632722809170028e-01
6.311124180811947815e-01,8.459190872246575843e-01
6.255980027193254189e-01,8.475729249941279519e-01
6.267185701958390975e-01,8.392139151094000216e-01
6.274634433039577575e-01,8.484420661527914964e-01
6.286744434489385247e-01,8.530152781180877497e-01
6.256915665744747779e-01,8.561429391655377419e-01
4.090735334506100385e-01,8.584685767686710545e-01
4.801913484797959430e-01,8.404633761528250702e-01
4.924273330781092639e-01,8.401019716082015476e-01
4.748714618474915161e-01,8.394066653804144185e-01
4.775352015094115332e-01,8.384706436894322490e-01
5.067886556005124499e-01,8.417889600233102732e-01
5.205830071657001623e-01,8.400039686069233902e-01
5.265552480508263189e-01,8.399279311218115218e-01
5.387095325801349865e-01,8.438333694859869727e-01
5.523700078240818545e-01,8.578272368892432276e-01
5.654350402482849480e-01,8.640108166748110552e-01
5.642785458764545403e-01,8.525671633212512646e-01
5.688954722643487782e-01,8.487724524333128961e-01
5.692062184237608458e-01,8.537583779502748715e-01
5.729624237548303078e-01,8.651011517767613901e-01
5.695607716763273487e-01,8.697426027073233978e-01
5.758286914358929920e-01,8.773192171486839941e-01
5.795697646015584015e-01,8.789092942430629662e-01
5.766700616815474412e-01,8.788523811827105847e-01
5.757859791614372558e-01,8.847011435978594518e-01
5.713421967323986106e-01,8.964268889826929598e-01
5.795620100192686586e-01,8.953247386786146178e-01
5.779445314648364862e-01,9.012917624732744715e-01
5.822141468845533074e-01,9.037553824190605045e-01
5.854646305668652628e-01,8.939542404037549295e-01
5.832638785302864948e-01,8.836800378288409696e-01
5.715807486611650390e-01,8.815772532214420920e-01
5.629718639292061733e-01,8.833897585100995986e-01
5.508229927473292653e-01,8.792939644276871469e-01
5.352384448448834764e-01,8.765655139211112612e-01
5.414381472851120813e-01,8.682771843233445530e-01
5.389809956523194945e-01,8.690696296628863671e-01
5.477912203675979752e-01,8.507344341214977401e-01
5.692764028052830216e-01,8.731331447037443683e-01
5.780508393268999345e-01,8.801252331225553061e-01
5.844795489011647138e-01,8.737231552656006262e-01
5.879103297924005433e-01,8.840553860405699904e-01
5.877324447417897613e-01,8.739619331156330828e-01
2.459811212908598055e-01,-2.551658363107649485e-01
2.536436049329530151e-01,-2.529533406060389122e-01
2.560326847621419155e-01,-2.508726192063628346e-01
2.616757929991000431e-01,-2.476224229855780723e-01
2.611930399017928783e-01,-2.482645371871630424e-01
2.578783013191935369e-01,-2.450222586838173289e-01
2.555008590752747555e-01,-2.473402189350381863e-01
2.494058985621233626e-01,-2.512238031220823675e-01
2.508806540849566336e-01,-2.469066116818692536e-01
2.531956308635899822e-01,-2.540234299370046078e-01
2.518703501372339115e-01,-2.503745255753218601e-01
2.545137076843103641e-01,-2.593623194027532275e-01
2.505551689994993669e-01,-2.629698034871477130e-01
2.518514730022061165e-01,-2.642106447202971498e-01
2.490395556235244223e-01,-2.648906617803432062e-01
2.419335268108787629e-01,-2.777944371303675553e-01
2.426231966975695986e-01,-2.729541277087817464e-01
2.451024532127307198e-01,-2.700784184815084865e-01
2.525660789500712156e-01,-2.637317067028958628e-01
2.610312199708050285e-01,-2.684379723662848050e-01
2.628116666673886437e-01,-2.725673764091213758e-01
2.555851153638288853e-01,-2.643164278387868382e-01
2.510733803722479118e-01,-2.559652985464370145e-01
2.416673100754580528e-01,-2.571377721149326612e-01
2.500591454485751042e-01,-2.485806742054177676e-01
2.517916216612761104e-01,-2.432376590511617087e-01
2.555198172143308133e-01,-2.411892252466733000e-01
2.588730409955306566e-01,-2.418625651947113320e-01
2.706647707443438078e-01,-2.525915034526392544e-01
2.761722132967193710e-01,-2.590505737380091600e-01
2.746598160767087515e-01,-2.620539101084312095e-01
2.779050613155502614e-01,-2.638078394244009472e-01
2.764944472941165410e-01,-2.599641241560534111e-01
2.755355839260161810e-01,-2.529508707548255853e-01
2.741953873211353532e-01,-2.418470977445081327e-01
2.761598134418991046e-01,-2.437431274413371374e-01
2.748159610203516623e-01,-2.448185860612816234e-01
2.737681559263358544e-01,-2.443706100330570452e-01
2.736453271884932148e-01,-2.442972628317113815e-01
2.761118924889163218e-01,-2.460723587502281207e-01
2.743650595930587910e-01,-2.512537903107229242e-01
2.724810557235859410e-01,-2.484015348559670822e-01
2.771503943018223115e-01,-2.544424409669597820e-01
2.750575229041192227e-01,-2.521076340151487960e-01
2.765601923890541602e-01,-2.443670802046221668e-01
2.766380973212918537e-01,-2.438119663817365224e-01
2.790760370513492017e-01,-2.371881504827954013e-01
2.770694147166383736e-01,-2.321264185575991346e-01
2.725241538000963137e-01,-2.257172072423629938e-01
2.679862895260418654e-01,-2.269859266720766489e-01
2.655412372660913567e-01,-2.273024790488082092e-01
2.670297117746022186e-01,-2.324812344722386459e-01
2.687777297192683879e-01,-2.330840944820288252e-01
2.696803027648636553e-01,-2.343989429576953665e-01
2.688998102506343635e-01,-2.312357821779245926e-01
2.660662151993385960e-01,-2.278355717979637929e-01
2.638137440631296293e-01,-2.251199901801767267e-01
2.658812256416043240e-01,-2.271657587614091256e-01
2.662328264855359228e-01,-2.258235056744232472e-01
2.646426998647225526e-01,-2.256048845174268291e-01
2.657885515640009411e-01,-2.324165958062353043e-01
2.634678376580912307e-01,-2.361102013300802882e-01
2.666961607959914549e-01,-2.430732749662107561e-01
2.680043329136974073e-01,-2.406683306693575830e-01
2.675468134979405166e-01,-2.410000737133602966e-01
2.655040717174643738e-01,-2.368244642529010735e-01
2.662310462302701630e-01,-2.362622311840328060e-01
2.660528004564017834e-01,-2.327843129051933857e-01
2.716451858849231460e-01,-2.303789951749536102e-01
2.749042212861584344e-01,-2.328455451141537569e-01
2.724911681298245458e-01,-2.391098417731563341e-01
2.683554714328152402e-01,-2.398378391035339285e-01
2.664830814593645014e-01,-2.350293906314339931e-01
2.671618023302466671e-01,-2.310878407913887211e-01
2.660564594049287246e-01,-2.201479717498108779e-01
2.687859761490387633e-01,-2.167271497910694678e-01
2.684314145354321779e-01,-2.138003848858808509e-01
2.684439222789567481e-01,-2.086832671566331010e-01
2.682184525260240537e-01,-2.022110749542758990e-01
2.671853332308059548e-01,-2.080322038322393874e-01
2.581203728097317684e-01,-2.124835936560533489e-01
2.584119228419444747e-01,-2.127306110691813135e-01
2.626296770773958178e-01,-2.196463431808649558e-01
2.664206283620222937e-01,-2.196255923401930210e-01
2.785792265942605983e-01,-2.259828826540821733e-01
2.826581485137269478e-01,-2.167485883423531656e-01
2.913274477399938611e-01,-2.249462025422278300e-01
2.993829862319771218e-01,-2.257017521359143963e-01
3.044122527420133340e-01,-2.311125961030265075e-01
3.115504532068860133e-01,-2.365752400563392588e-01
3.054843444754506976e-01,-2.380836008574019336e-01
3.050861489280402017e-01,-2.450130308993994643e-01
2.918579102367857558e-01,-2.465652654021702195e-01
2.932852245467565400e-01,-2.527899401276090252e-01
2.851378291830154454e-01,-2.567884866021946655e-01
2.819877631297498244e-01,-2.566640027992483919e-01
2.738408996472186940e-01,-2.481679723702742701e-01
2.734193140157116231e-01,-2.423460818193486910e-01
2.581576377122429822e-01,-2.256011695216515456e-01
2.570574007671344585e-01,-2.206974365607116961e-01
2.584832704798861736e-01,-2.171349162127504395e-01
2.677196609099637969e-01,-2.171359274361960023e-01
2.732873445487488118e-01,-2.198116453072043175e-01
2.810876412729251816e-01,-2.186242909183336580e-01
2.813463188033173967e-01,-2.219621575662413526e-01
2.815528202970541960e-01,-2.205197137393179740e-01
2.774441296605365537e-01,-2.236844302221123182e-01
2.754477807623990637e-01,-2.234929495282135803e-01
2.721907386833680720e-01,-2.183668297870865471e-01
2.681155802002299637e-01,-2.133050277180125742e-01
2.628159350778872527e-01,-2.167212273517730159e-01
2.579740572287608780e-01,-2.141530366065947377e-01
2.594719958203809407e-01,-2.212318409570776245e-01
2.580375306860400730e-01,-2.229829653265354705e-01
2.589358128933102465e-01,-2.272322867938463553e-01
2.589627325441785644e-01,-2.256304671662292538e-01
2.577613391166168055e-01,-2.173875535216429900e-01
2.580906730229262092e-01,-2.137019115374361733e-01
2.612053990864753317e-01,-2.115160487814381207e-01
2.547676987643907598e-01,-2.060075434011355011e-01
2.456826457274975395e-01,-2.085983567788487480e-01
2.475727101559650478e-01,-2.067979784178112790e-01
2.447057302246881116e-01,-2.026634631860124436e-01
2.479229086656565828e-01,-2.076409654979901875e-01
2.552994752115592680e-01,-2.104269874449953559e-01
2.558835181981842233e-01,-2.100415318523095876e-01
2.551197337216901673e-01,-2.142438425262900292e-01
2.584655577759655820e-01,-2.199769735526542203e-01
2.603484719859898711e-01,-2.263126229572746118e-01
2.436799912358500464e-01,-2.288521789366365911e-01
2.497989961489164301e-01,-2.262920888860787128e-01
2.539237373607621251e-01,-2.222391670087389137e-01
2.598429549288016061e-01,-2.228851392537650744e-01
2.595022611771099497e-01,-2.261124568311893290e-01
2.467281099408998868e-01,-2.238714318074537801e-01
2.554704062194050884e-01,-2.238310402670592447e-01
2.530919791439404376e-01,-2.177262594650748451e-01
2.638296713130334759e-01,-2.170918056733134871e-01
2.680843134626621493e-01,-2.165758347672995521e-01
2.718731472117451586e-01,-2.260826949147300424e-01
2.732025135439547503e-01,-2.259459756670702257e-01
2.762079964007689847e-01,-2.286705372439846728e-01
2.803125573771166890e-01,-2.304931948562600197e-01
2.777077492308596129e-01,-2.299206411637912950e-01
2.728319645140246941e-01,-2.256993414791059749e-01
2.683221165253889540e-01,-2.163755631787798728e-01
2.609727930306401378e-01,-2.132240148716656736e-01
2.545343024674305843e-01,-2.048287066197725936e-01
2.582987780943272194e-01,-2.036130768861764140e-01
2.605329096378575793e-01,-2.027392256172615703e-01
2.616757196815514552e-01,-2.014090847773520598e-01
2.735962228974230248e-01,-2.034146570929269426e-01
2.761547891763944662e-01,-2.032429607171806762e-01
2.807047397557228541e-01,-1.987728890036437601e-01
2.839654552095064455e-01,-1.901337148642360253e-01
2.788389731856999454e-01,-1.991416132538069705e-01
2.827482861533603398e-01,-2.027980661342996538e-01
2.953155445374968657e-01,-2.097846941261778952e-01
2.914026182508819840e-01,-2.098951529884889311e-01
2.896296769998184528e-01,-2.165033224406079926e-01
2.838870191732396631e-01,-2.133373456480049668e-01
2.712179835898855806e-01,-2.135852502472282977e-01
2.680309886870658742e-01,-2.156239012223314100e-01
2.811595656993710612e-01,-2.124593844174488544e-01
2.878585593785225605e-01,-2.159885845665031612e-01
2.935121693661773001e-01,-2.242423919146159794e-01
2.907188198155548076e-01,-2.283274429659636895e-01
2.929986778254681790e-01,-2.357083350554664836e-01
2.879566552985990402e-01,-2.305402780124516382e-01
2.839877092320449714e-01,-2.180496171895087709e-01
2.823544209320290044e-01,-2.109659706208573682e-01
2.808397949582197572e-01,-2.150509681803938478e-01
2.740127535767827860e-01,-2.314948260529782476e-01
2.727897876960204693e-01,-2.339606277148932323e-01
2.584062088353616948e-01,-2.414919676591307796e-01
2.574322724967882392e-01,-2.393123734327716745e-01
2.538968300932264999e-01,-2.373295272493679275e-01
2.402374316074757932e-01,-2.400509976887247321e-01
2.523174221350775737e-01,-2.390200615430700115e-01
2.584598986166066759e-01,-2.349940002732188171e-01
2.632031038712241422e-01,-2.369219824699515531e-01
2.598049310813582702e-01,-2.368319159626565418e-01
2.591972536768905044e-01,-2.313440106260812312e-01
2.482777375619390492e-01,-2.338933763619769901e-01
2.498824627666043074e-01,-2.375662427032942392e-01
2.417996517487364105e-01,-2.387221671258697442e-01
2.423365860047064779e-01,-2.388006939693154140e-01
2.363918152139629636e-01,-2.379146234089419831e-01
2.470039074093585696e-01,-2.418965117806900489e-01
2.550287506232460366e-01,-2.455152787679232840e-01
2.700626966880567137e-01,-2.460663562935574700e-01
2.813034053763480147e-01,-2.508438385079554966e-01
2.969827702087373678e-01,-2.462582117342650978e-01
3.028100011585312390e-01,-2.451832969247716987e-01
2.915622822254538837e-01,-2.353765928989144662e-01
2.850815382781228813e-01,-2.316726732674679878e-01
2.736780456460751743e-01,-2.283227778481428938e-01
2.720758793394886244e-01,-2.297105880336852979e-01
2.781712202235512854e-01,-2.435658229007302833e-01
2.790827603098617327e-01,-2.467170772998685813e-01
2.777968476351945215e-01,-2.474076163186984811e-01
2.819519552709900401e-01,-2.494496869413438123e-01
2.878993613693699993e-01,-2.282251748248317336e-01
2.883457432035037016e-01,-2.224243826435343130e-01
2.897070472060171986e-01,-2.220878993589017192e-01
2.874466478669405189e-01,-2.244975911627591358e-01
2.890767244479142128e-01,-2.115945510559414100e-01
2.987692310909107474e-01,-2.114828825321400929e-01
3.033009960523270765e-01,-2.101719409777687009e-01
2.972200856320718065e-01,-2.123937977619043682e-01
2.964100549141810426e-01,-2.133066678330390320e-01
2.931270545455243459e-01,-2.231197588942056553e-01
2.912343378530419802e-01,-2.314008238171704757e-01
3.127606011610463144e-01,-2.361829348831546160e-01
3.118166263846166020e-01,-2.369342444423011562e-01
3.063476148956580936e-01,-2.376564018932478262e-01
3.091809522937248866e-01,-2.451356534772934359e-01
3.146047510499303534e-01,-2.525518701629369533e-01
2.985317635469322273e-01,-2.505077805001824087e-01
2.939001221529981001e-01,-2.469079792749407920e-01
2.845707085705068140e-01,-2.451725784761768501e-01
2.854369093668154278e-01,-2.439293019196893952e-01
2.780432329785933465e-01,-2.329851552237363344e-01
2.819909627909493732e-01,-2.351468271383312381e-01
2.780284672327825168e-01,-2.381900457601952847e-01
2.769818324763975159e-01,-2.449886125257766945e-01
2.660839034481343734e-01,-2.531236342293999853e-01
2.595723378689349659e-01,-2.452533227003036997e-01
2.228889068756809699e-01,-2.397243410950497255e-01
2.250894564885257410e-01,-2.277908955283114989e-01
2.400752625952767838e-01,-2.331597547531562842e-01
2.506288614788427793e-01,-2.307396160929201523e-01
2.552158886788490344e-01,-2.241439934975861248e-01
2.494122098018110023e-01,-2.295245822710629824e-01
2.533658586862957973e-01,-2.319749336757825353e-01
2.603717876226034900e-01,-2.281361290239078965e-01
2.637230662715860374e-01,-2.380242082088750988e-01
2.649395598022110665e-01,-2.325060969472086403e-01
2.701069155591778737e-01,-2.383661446131786210e-01
2.704078862999149679e-01,-2.347519820221484754e-01
2.743989019476376079e-01,-2.411546449050012142e-01
2.731273505111232458e-01,-2.359887559561715253e-01
2.681789882261186309e-01,-2.315142203346300387e-01
2.629315339236162341e-01,-2.361331577405991200e-01
2.579012176971458015e-01,-2.345168620111368063e-01
2.570589006978296620e-01,-2.400843648005582254e-01
2.587959595431017501e-01,-2.432393354791675955e-01
2.625683333319349666e-01,-2.396579050079523099e-01
2.718502837200612587e-01,-2.423604833884954735e-01
2.856397156569284723e-01,-2.431501902910378488e-01
2.964668377058164994e-01,-2.293696181417570479e-01
2.974052341525331711e-01,-2.284327857799190453e-01
2.934227485425090487e-01,-2.233813090231799303e-01
2.984290309352685133e-01,-2.279630494523222084e-01
2.847088163360641522e-01,-2.328223582969554672e-01
2.801052248876105821e-01,-2.345370921574666534e-01
2.700281279764925602e-01,-2.370199457696207102e-01
2.719741454787406587e-01,-2.372814467052932752e-01
2.862704294408804362e-01,-2.382419511431888015e-01
2.854209712294629719e-01,-2.331696479159930391e-01
2.811986969153316140e-01,-2.299944333378417527e-01
2.789119952064096353e-01,-2.339379282459285170e-01
2.622659257068733485e-01,-2.319540657927757765e-01
2.681833127842853104e-01,-2.355476731048450345e-01
2.711625775929215054e-01,-2.393281980272120579e-01
2.727016713259197145e-01,-2.334332995006141998e-01
2.717062185109870853e-01,-2.389825051699253633e-01
2.778631643141373786e-01,-2.385252743043612123e-01
2.780769525587436508e-01,-2.386143215985663257e-01
2.714514885347902862e-01,-2.300698906284235346e-01
2.728761514678458289e-01,-2.241350790668157344e-01
2.694090122855404834e-01,-2.315594881344787970e-01
2.721652092329001071e-01,-2.437263187340744652e-01
2.715770213420106716e-01,-2.302004909287399537e-01
2.743314439224753265e-01,-2.273565896989753199e-01
2.736440748450816862e-01,-2.290602806743569086e-01
1.409520565768889622e+00,-1.476928314587204305e+00
2.735179403687763022e-01,-2.243438005363456167e-01
1.410092903664071029e+00,-1.474494979061302891e+00
2.757128026430886170e-01,-2.312198711793691519e-01
1.412434158786322058e+00,-1.479568549928500509e+00
2.705385261641843897e-01,-2.346605108113944960e-01
1.411913509366521824e+00,-1.479399417785707049e+00
1.407885055329812563e+00,-1.464411390998944018e+00
1.405099754184387706e+00,-1.456801787095238554e+00
1.409259714477782977e+00,-1.460151097385324004e+00
1.404528784278268327e+00,-1.460537137192767121e+00
1.403555611844464535e+00,-1.458871437898225487e+00
1.407987780162224478e+00,-1.465158350595905601e+00
1.408047567216894391e+00,-1.462202558283660858e+00
1.401625033114932029e+00,-1.456906302105761331e+00
1.398231742764045382e+00,-1.459097218189318479e+00
1.391589469894220610e+00,-1.460725187222033483e+00
1.394423389051865803e+00,-1.463002674155118532e+00
1.392056470151558534e+00,-1.475614749356926048e+00
1.399459738136461073e+00,-1.497137001896354125e+00
1.404367698407622100e+00,-1.497279684746031903e+00
1.423565036028031638e+00,-1.501658841933120492e+00
1.430550582835317552e+00,-1.507215227827931825e+00
1.430954193013747267e+00,-1.488645137074094515e+00
1.428369126019400470e+00,-1.480803191121477402e+00
1.423951420168257709e+00,-1.474115252109271745e+00
1.421301817580904459e+00,-1.475670629555787983e+00
1.422453929313609811e+00,-1.476795850921425846e+00
1.427590574181383021e+00,-1.483390896142236182e+00
1.444386900720707523e+00,-1.492990828177452212e+00
1.453875246217503747e+00,-1.494415913128343432e+00
1.451024235178492550e+00,-1.486226493957388151e+00
2.185308353890119015e+00,-1.657927628577670731e+00
1.786590569457024325e+00,-1.634588772012426805e+00
1.791699454720248275e+00,-1.225306220329621665e+00
1.373190087114092517e+00,-1.360190537380973952e+00
1.393285784805238237e+00,-1.386995558038738086e+00
1.430519303982096702e+00,-1.414205443851423327e+00
1.428909226774687902e+00,-1.414929276626798682e+00
1.435020714063086400e+00,-1.418065704433275620e+00
1.415230420088185559e+00,-1.397097542355361099e+00
1.428650718157207233e+00,-1.394078850804543634e+00
1.426006605729504662e+00,-1.382085861807289984e+00
1.448600604172328277e+00,-1.410800416097898857e+00
1.441160500490532570e+00,-1.406606616546437039e+00
1.439263791493320399e+00,-1.414126529096173090e+00
1.434604419972203004e+00,-1.410936887481319735e+00
1.418327417941043889e+00,-1.406561152697409556e+00
1.423862181708658303e+00,-1.417363788276434722e+00
1.424416720419359406e+00,-1.435222673395061932e+00
1.415745808550251450e+00,-1.443769943876854533e+00
1.418110763888516201e+00,-1.463685410351347471e+00
1.430220634940454483e+00,-1.471011669676189459e+00
1.422488471674973498e+00,-1.485007388683245111e+00
1.434079647956859827e+00,-1.485592297716249899e+00
1.441431822396065598e+00,-1.483700434879345886e+00
1.439849723718116037e+00,-1.488313637884458362e+00
1.445624887375865253e+00,-1.504892243940108454e+00
1.453915054542088692e+00,-1.503380431657807215e+00
1.464720506176737436e+00,-1.507142690184774647e+00
1.445404047556059224e+00,-1.524585682196752945e+00
1.461555093881270917e+00,-1.512511541703978724e+00
1.446965465215856783e+00,-1.523849173314716143e+00
1.465454106779371601e+00,-1.515517302848365278e+00
1.454974414883322131e+00,-1.516082878467230888e+00
1.466582881625424495e+00,-1.514168405369162418e+00
1.461065593814079966e+00,-1.516282397818671912e+00
1.467121910253872397e+00,-1.516713240282759445e+00
1.463656982187972799e+00,-1.516233145500542001e+00
1.466208550715960346e+00,-1.509020043353974216e+00
1.463583599229115517e+00,-1.507627675440246451e+00
1.472439301361328390e+00,-1.503155169196817020e+00
1.470661096729497519e+00,-1.502108030735218147e+00
1.472071125088351140e+00,-1.499916816502507411e+00
1.481660183694798016e+00,-1.498358087002781058e+00
1.477061317864533097e+00,-1.498669130307408448e+00
1.464931665710592634e+00,-1.493491272315848661e+00
1.457120227493216680e+00,-1.481207942949818390e+00
4.807411826887086903e-02,-1.879923389136345602e+00
4.788880144815710338e-02,-1.887123800641353100e+00
3.981185195605074778e-02,-1.881323138198371936e+00
4.025821542581908830e-02,-1.882115268008645259e+00
4.337961579519422628e-02,-1.890315259137933523e+00
4.802335407916025201e-02,-1.895770689143855048e+00
3.662335643062618606e-01,-2.538086203846404709e-01
3.657494100182155927e-01,-2.470197297343204035e-01
3.760769309250601156e-01,-2.406897989613732691e-01
3.793120190334489661e-01,-2.464583754311001074e-01
3.804268153319893542e-01,-2.517373110570727546e-01
3.831495851194083313e-01,-2.529607889382237129e-01
3.736495903240492078e-01,-2.640316989182246443e-01
3.710131960087600378e-01,-2.697499244687424635e-01
3.662537414316413553e-01,-2.740283174091912022e-01
3.685932869409171975e-01,-2.748669872185400265e-01
3.695994681362395617e-01,-2.682362408008193144e-01
3.748671869937544310e-01,-2.680766409198680478e-01
3.846258015195384572e-01,-2.686225185902425538e-01
3.852494228645331753e-01,-2.682576938384778620e-01
3.897747771057248900e-01,-2.539551837009952351e-01
3.938664962195104202e-01,-2.443242614101261978e-01
3.946998973157401780e-01,-2.377588713379708563e-01
3.978564166151424830e-01,-2.324442812284786553e-01
3.914755186553853239e-01,-2.426013107728396678e-01
3.961177733019424219e-01,-2.401426756377483540e-01
3.889311402769317083e-01,-2.467213394597355669e-01
3.892639092829377478e-01,-2.394324354597363314e-01
3.907918881457171922e-01,-2.391641005144153898e-01
3.897068461905511816e-01,-2.360124677479804589e-01
3.809916296102043853e-01,-2.376313804835939181e-01
3.807191764707512638e-01,-2.320192176754744540e-01
3.759290476573430295e-01,-2.445296275563484945e-01
3.751745352075955831e-01,-2.417200827413472086e-01
3.768851913331081604e-01,-2.549367991174017467e-01
3.739776061742924318e-01,-2.635008099025910600e-01
3.729300771157852967e-01,-2.763022240810413810e-01
3.734997620988698142e-01,-2.793368096929220168e-01
3.686706490145326143e-01,-2.825135651504748213e-01
3.629157134000060014e-01,-2.809815724775295842e-01
3.514074443057654262e-01,-2.811898075926931861e-01
3.506571690666966945e-01,-2.827452068376692940e-01
3.694594911534387349e-01,-2.802131828173923256e-01
3.739829602661022268e-01,-2.801323584643060638e-01
3.769352645372507360e-01,-2.805426893106228170e-01
3.735600932859926004e-01,-2.778374952808975729e-01
3.659143557405850067e-01,-2.733018990855212715e-01
3.643070428485425949e-01,-2.728991448735927916e-01
3.644076526884752476e-01,-2.666174447391305713e-01
3.645956105871249742e-01,-2.658384072149435062e-01
3.703890899572079842e-01,-2.638597043903598838e-01
3.694598924487166314e-01,-2.667011403256072111e-01
3.768349444136653292e-01,-2.594915917798227278e-01
3.743965527107895319e-01,-2.614941275451650449e-01
3.866769110175673485e-01,-2.564359969255050054e-01
3.849572803136080412e-01,-2.501860915255785800e-01
3.775372491822306387e-01,-2.461671407067657080e-01
3.738491711536910400e-01,-2.516612809434290998e-01
3.721633447079819024e-01,-2.533307700819230623e-01
3.712533005613401493e-01,-2.613756847886437584e-01
3.718120851405001259e-01,-2.730500284344247186e-01
3.718651335121416213e-01,-2.809686282834242266e-01
3.742551350070380534e-01,-2.881758800959455802e-01
3.797916683495973778e-01,-2.932390924898504170e-01
3.756441296018271370e-01,-2.937209312092927682e-01
3.736220299290214930e-01,-2.920263423497213573e-01
3.682393747696633413e-01,-2.865914148273329132e-01
3.657603151049912404e-01,-2.844909846004781695e-01
3.609311840888401735e-01,-2.783633222001264951e-01
3.612519021798487051e-01,-2.757202458874879469e-01
3.603471436664046901e-01,-2.775816601131753658e-01
3.610210623747029390e-01,-2.800170675581903912e-01
3.573065866370803145e-01,-2.865395147003985676e-01
3.589957679357102527e-01,-2.853632312413350580e-01
3.615067964910775311e-01,-2.726890860777446690e-01
3.607067325303545680e-01,-2.691562717843937191e-01
3.565938018311523017e-01,-2.609611584848228194e-01
3.536430997643597585e-01,-2.605896529340396284e-01
3.560474402864176602e-01,-2.682158594303214461e-01
3.534665679757028611e-01,-2.711303443358775711e-01
3.480764245605707519e-01,-2.771416487623677427e-01
3.466752272412598757e-01,-2.759651452789994019e-01
3.526780386516670251e-01,-2.786206385814613551e-01
3.520462107953431508e-01,-2.779385726059787620e-01
3.482365854315945808e-01,-2.746648915062824825e-01
3.515765429411394360e-01,-2.751433981373488935e-01
3.436715253213338261e-01,-2.726715038153844084e-01
3.502264089657211033e-01,-2.740580764405117220e-01
3.502246783153351584e-01,-2.749356097870679916e-01
3.590807702263832391e-01,-2.813966295769417814e-01
3.627535666239290468e-01,-2.818895186682509046e-01
3.599701433127260874e-01,-2.788612931496561864e-01
3.634396774372231076e-01,-2.767705778053707877e-01
3.705333443474823074e-01,-2.790973006271375567e-01
3.759714435251867437e-01,-2.781313440292815797e-01
3.678376696031459003e-01,-2.771359484783126326e-01
3.670309056696355321e-01,-2.757311431188319562e-01
3.622055139499121279e-01,-2.746920165992208229e-01
3.649112578139354079e-01,-2.725613105026445937e-01
3.623948119451637639e-01,-2.660792899666252209e-01
3.597597712424314143e-01,-2.671521055509380460e-01
3.623747176865738107e-01,-2.658247268469907110e-01
3.628582008504455669e-01,-2.688655919184669840e-01
3.589721095109227322e-01,-2.640315742047517622e-01
3.570604795398826248e-01,-2.611770514209897365e-01
3.533485539071065662e-01,-2.708230011347059762e-01
3.519510008670686529e-01,-2.738172218459966056e-01
3.523094113808650230e-01,-2.797680947598084611e-01
3.492071384620354380e-01,-2.912744376784381362e-01
3.434041059137631913e-01,-2.840468706802975474e-01
3.408802059971854370e-01,-2.898777080994892064e-01
3.397078801365269185e-01,-2.944439752814981826e-01
3.351716056889358919e-01,-2.955612151442352786e-01
3.377382474047895267e-01,-2.962585558402667241e-01
3.405756085159331592e-01,-2.973226914534140564e-01
3.432592542929590596e-01,-2.891817897882331678e-01
3.417992973570811999e-01,-2.851058037902587383e-01
3.396442746266752355e-01,-2.817717349955743411e-01
3.388624190003351466e-01,-2.788844652085277209e-01
3.432760002263752774e-01,-2.762259359011504656e-01
3.188658028241741493e-01,-2.979477595621345398e-01
3.418977859889519855e-01,-2.823971355912254233e-01
3.358113178351138095e-01,-2.904379734638048438e-01
3.382926007288253323e-01,-2.890061764747437478e-01
3.379170519680805285e-01,-2.928878701532790507e-01
3.393033513115816802e-01,-2.920282512955899024e-01
3.382173239292373679e-01,-2.958346655693526728e-01
3.441747138572134324e-01,-2.931586869145511587e-01
3.474361421214944290e-01,-2.952780985095515565e-01
3.501574126132961373e-01,-2.895446063328666053e-01
3.530512167488515374e-01,-2.824697108386176603e-01
3.483403812645538000e-01,-2.742301342183475210e-01
3.425428489675734212e-01,-2.759769165589688877e-01
3.463574582164922200e-01,-2.786964890481682389e-01
3.488199914270662116e-01,-2.790144268384282533e-01
3.425452243319189183e-01,-2.809764201718725207e-01
3.493026044803235752e-01,-2.788405461965207666e-01
3.519961798869141179e-01,-2.763572855866623379e-01
3.497727133698096402e-01,-2.799743689486999809e-01
3.417059310652562076e-01,-2.891144664680315168e-01
3.471898151742806582e-01,-2.885364336280257236e-01
3.470810870575308238e-01,-2.877247994964174937e-01
3.403123057369777382e-01,-2.874322640601933987e-01
3.393713310491293655e-01,-2.850975231011325661e-01
3.403263873258425831e-01,-2.899388063195227905e-01
3.430426488636511007e-01,-2.931328700442606960e-01
3.506236556529402359e-01,-2.887616281349295044e-01
3.386167583682113680e-01,-2.926106909896534214e-01
3.397185067992523066e-01,-2.876524349540611203e-01
3.496695802379017337e-01,-2.784780777679034536e-01
3.504000116133588194e-01,-2.745620450892547471e-01
3.578393672615173826e-01,-2.731373412283332192e-01
3.629361244190037472e-01,-2.721363250190702576e-01
3.645871307736300304e-01,-2.726048542307879519e-01
3.712022239855325423e-01,-2.717576666689410780e-01
3.780868842953553077e-01,-2.726755484618534342e-01
3.822926151939747830e-01,-2.768640072616538883e-01
3.863545850950937388e-01,-2.797375016195594033e-01
3.838588789538934787e-01,-2.822147066778585844e-01
3.806489402319510607e-01,-2.829328892563344189e-01
3.787077970606385069e-01,-2.832675512346820024e-01
3.811668525804330354e-01,-2.876024364216314688e-01
3.790086386105492311e-01,-2.858700322079216760e-01
3.722599663928854996e-01,-2.888669919656522422e-01
3.760974039017209725e-01,-2.893707989645962764e-01
3.800247817064735245e-01,-2.855493282482997053e-01
3.830249295171269663e-01,-2.822854412906635746e-01
3.818105767779686466e-01,-2.798514474667745389e-01
3.805668085750251173e-01,-2.790423535138167876e-01
3.819413923485310280e-01,-2.795536966206094709e-01
3.865201394552178482e-01,-2.840801080670829482e-01
3.839558386954282088e-01,-2.828820184410639760e-01
3.794695876973177562e-01,-2.770368560395647384e-01
3.823143382005717017e-01,-2.783747860988343703e-01
3.774395407775154032e-01,-2.782354209184971783e-01
3.782728129003617434e-01,-2.801529329000632118e-01
3.755722354623509118e-01,-2.798660230780242175e-01
3.775511293903847099e-01,-2.791935811756239283e-01
3.790675088775968815e-01,-2.778970061865324026e-01
3.797830549849475212e-01,-2.778720083491660886e-01
3.814167321220829354e-01,-2.790244064450983497e-01
3.791527213411265418e-01,-2.768420320396090539e-01
3.744679104059627228e-01,-2.787328234412885797e-01
3.731487441143689354e-01,-2.804675331685607675e-01
3.713226655744466531e-01,-2.795886106638900137e-01
3.713637764280371956e-01,-2.773103418959900757e-01
3.665927045220434555e-01,-2.773558442931756129e-01
3.693054277600343327e-01,-2.755930310043817610e-01
3.734130416705580546e-01,-2.761539503101183013e-01
3.802841547342747930e-01,-2.757989190642604060e-01
3.804873957779619231e-01,-2.777901292484626361e-01
3.786584475455183063e-01,-2.809726439190489145e-01
3.740230636698539946e-01,-2.817290119285068561e-01
3.713999420177975241e-01,-2.852328199927018915e-01
3.737501509514296605e-01,-2.918396243632739306e-01
3.742362492912723049e-01,-2.875554285493938655e-01
3.757916417919932583e-01,-2.867101231194033595e-01
3.755465643439492851e-01,-2.848254903039648123e-01
3.765387823235664122e-01,-2.903188516633526395e-01
3.776959701405186998e-01,-2.906646097751265923e-01
3.795913666936506781e-01,-2.887882848419028869e-01
3.820787272448138983e-01,-2.913879641921718333e-01
3.822128198201844018e-01,-2.913495481771434803e-01
3.802102565900330466e-01,-2.895328619191859798e-01
3.774144481679090335e-01,-2.902279647395104578e-01
3.813212751388615485e-01,-2.958042933457238344e-01
3.864561918662537954e-01,-2.953582297985127836e-01
3.848508518219047048e-01,-2.942175870470230548e-01
3.965949330147113816e-01,-2.996357678388700263e-01
7.721660595257506809e-02,-1.919811315947377306e+00
8.208085986220253760e-02,-1.926513949966853989e+00
7.769630054401738262e-02,-1.926500539473010143e+00
7.157213239884446798e-02,-1.919982008902326509e+00
7.179551081108914712e-02,-1.919893987629270882e+00
7.175219690618456214e-02,-1.918182915803479549e+00
7.204264850309094470e-02,-1.911442562276666202e+00
7.306255401049321918e-02,-1.913219045477291491e+00
6.686342356881858073e-02,-1.913532150588604708e+00
6.398831097125023959e-02,-1.908187770271211114e+00
5.940163955853289268e-02,-1.908197469799912893e+00
6.400736689291103287e-02,-1.906305947279785196e+00
5.644344928163003150e-02,-1.907906770673734709e+00
4.854707376656036688e-02,-1.907208360761373012e+00
5.632637392626677064e-02,-1.906867794293001683e+00
5.386959712339833839e-02,-1.906381190836468509e+00
5.231153253123665969e-02,-1.907200755610746201e+00
5.585577207246161802e-02,-1.907007093238346496e+00
5.164896732140894509e-02,-1.907769819817899615e+00
4.871243313488649029e-02,-1.908898899928576975e+00
4.857096344576816715e-02,-1.914715523971896260e+00
5.206476051124342419e-02,-1.915464604513926083e+00
4.912556430969261534e-02,-1.920161282365432598e+00
5.090045645632057525e-02,-1.920837556690128789e+00
6.018889472654498363e-02,-1.918394005765169386e+00
5.575445481283594629e-02,-1.921211624889493041e+00
5.944300187595771834e-02,-1.913901107457468331e+00
5.536925937273565190e-02,-1.913220876738228826e+00
5.666173998962498182e-02,-1.916123059995642475e+00
5.817661613792282638e-02,-1.922670278898040763e+00
6.170544067220606888e-02,-1.922670082949530457e+00
5.739588261681358161e-02,-1.922607952560315248e+00
6.170683055739592526e-02,-1.916326796693050394e+00
6.509058995519545476e-02,-1.916161313639607400e+00
6.244233105446289622e-02,-1.913167952890598489e+00
6.704845492112052052e-02,-1.915430077247743723e+00
6.226701678712243115e-02,-1.912354596438419208e+00
6.792879676723637128e-02,-1.913832178529431882e+00
6.645530873052513110e-02,-1.922126838392732129e+00
6.534204540355489921e-02,-1.923243421612365056e+00
7.065097516746829398e-02,-1.921725439709396133e+00
7.617906908241967034e-02,-1.916756542093528193e+00
7.881827730220145045e-02,-1.912763426412500412e+00
7.528935262404121143e-02,-1.911892457617233809e+00
7.929714132644952174e-02,-1.910661032916213919e+00
7.728262835887039772e-02,-1.907300810023522253e+00
7.252041355653460197e-02,-1.903929915963652242e+00
7.185704192544895008e-02,-1.908887988368442201e+00
7.239461137006603098e-02,-1.907395781771826115e+00
7.206248555207361850e-02,-1.910571019937597592e+00
7.265614004198581166e-02,-1.914473566788108094e+00
7.065619332763192761e-02,-1.915314919988059028e+00
7.223804657143695351e-02,-1.915638860736314619e+00
7.243314924881635863e-02,-1.913990253754071169e+00
7.144112941417318785e-02,-1.909891619785843098e+00
6.962558133909699243e-02,-1.906779316921473511e+00
7.063018430231193800e-02,-1.906541319361836129e+00
3.729419261026587495e-01,-2.630077263267920906e-01
3.796284165387607823e-01,-2.652853528202880895e-01
3.755354658024050440e-01,-2.683743771335037609e-01
3.810514266525518723e-01,-2.678800562092760740e-01
3.863144719574080899e-01,-2.702484126841097622e-01
3.825656405796870607e-01,-2.700799277140196186e-01
3.877387723540115516e-01,-2.728679447172441819e-01
3.886111051196567967e-01,-2.751183080273306714e-01
3.950526985833679450e-01,-2.786337248280853496e-01
3.911547779823227877e-01,-2.806761362325547737e-01
3.615681155238384958e-01,-2.625223911103656271e-01
3.589629730125717400e-01,-2.593832231332577898e-01
3.564886334176530225e-01,-2.569707142622135732e-01
3.622757061455610383e-01,-2.614566479135539412e-01
3.590017627635506692e-01,-2.644445598950512233e-01
3.602177218253305724e-01,-2.693535139851390148e-01
3.605713351486719009e-01,-2.697202259639276956e-01
3.664009185264127666e-01,-2.725780005150526542e-01
3.680607427727705661e-01,-2.716207597361464110e-01
3.697053518872604472e-01,-2.699910776478657848e-01
3.683801045461545520e-01,-2.684829896648870395e-01
3.669727627222707511e-01,-2.670917265930359275e-01
3.628795381893218375e-01,-2.631748873325506777e-01
3.553788557281616356e-01,-2.575222397916910877e-01
3.549653074858809543e-01,-2.609617176450406140e-01
3.503528088456132061e-01,-2.639586598096921310e-01
3.538831528505354540e-01,-2.671197423893203471e-01
3.585718278416080151e-01,-2.735587944371276059e-01
3.535526008171682166e-01,-2.762045548565570385e-01
3.613223707368919957e-01,-2.801535542607248019e-01
3.580085097471099598e-01,-2.828401734108722532e-01
3.616189884684627431e-01,-2.774985660178984626e-01
3.509059759452697325e-01,-2.747531060305637984e-01
3.462709207868074901e-01,-2.643439922490015137e-01
3.499225312512043162e-01,-2.673471953116030031e-01
3.498549019644540126e-01,-2.662595350630929114e-01
3.560201097327997388e-01,-2.718883229627363507e-01
3.563922541024021617e-01,-2.676986346775604431e-01
3.595116668188724773e-01,-2.603503310635728596e-01
3.732151699882053641e-01,-2.583410370778452259e-01
3.765296501777641303e-01,-2.587281534751731393e-01
3.782952606419255903e-01,-2.647408484421535646e-01
3.773709859193522531e-01,-2.702428035521762806e-01
3.834283932192149025e-01,-2.734417047733879724e-01
3.787618934941533455e-01,-2.759663460915328104e-01
3.768376040737544397e-01,-2.764198634574226432e-01
3.792233949839660667e-01,-2.766643009281626875e-01
3.755624893147272436e-01,-2.774609225236491783e-01
3.772251618404346418e-01,-2.725008696730421565e-01
3.752789818309208991e-01,-2.669007224735370776e-01
3.752693872095270722e-01,-2.609586585098194189e-01
3.663641647573383509e-01,-2.548766994886947912e-01
3.640972464923133423e-01,-2.478782508176016475e-01
3.673002381082284828e-01,-2.472945707757165934e-01
3.646247024434731698e-01,-2.436506588603485901e-01
3.603280926026677933e-01,-2.492440047773883394e-01
3.614528589987490159e-01,-2.450958640655159504e-01
3.691718019151400965e-01,-2.489603695053027588e-01
3.737180432719838241e-01,-2.477995258185519689e-01
3.770660701485407662e-01,-2.542229776011448172e-01
3.749371557946618583e-01,-2.613099775041364259e-01
3.681752552870016792e-01,-2.665284287174413125e-01
3.600250687928567839e-01,-2.668921264595599530e-01
3.393728204650372504e-01,-2.725178889724267917e-01
3.377934693848602676e-01,-2.749653693677275301e-01
3.348196352072174697e-01,-2.761804020734550114e-01
3.214778501105435837e-01,-2.740978493907291758e-01
3.187761417048919910e-01,-2.696882857143867995e-01
3.204435232748693574e-01,-2.694939068281361205e-01
3.275372187429446691e-01,-2.760487679849696896e-01
3.200854619843800375e-01,-2.823498582183009420e-01
3.221839789110528818e-01,-2.914018467911023702e-01
3.194898148726440512e-01,-2.941883964651046957e-01
3.271414743659135649e-01,-2.986539901672422559e-01
3.262428372011896283e-01,-2.985697847262629989e-01
3.384612763209079445e-01,-2.965700451696029472e-01
3.464487202653104836e-01,-2.936677366840991232e-01
3.425348616010754910e-01,-2.916164577065281094e-01
3.411051252168165737e-01,-2.884014583887594130e-01
3.524497160008953078e-01,-2.878181729708481074e-01
3.480840227989334679e-01,-2.865703229381724171e-01
3.432867112484244698e-01,-2.869789156106836714e-01
3.493821572065771708e-01,-2.852584608070215522e-01
3.516183139894929477e-01,-2.860804163102121933e-01
3.502622262231512851e-01,-2.840071665009794022e-01
3.458231872672743457e-01,-2.807330301139752127e-01
3.538704447724485558e-01,-2.847725816767069373e-01
3.596027854452386596e-01,-2.831177736503022180e-01
3.589119341931211737e-01,-2.842286843808879415e-01
3.593838586059464046e-01,-2.806564756911442693e-01
3.592942399362802353e-01,-2.779171174847400172e-01
3.659967414164108646e-01,-2.832682879449483493e-01
3.685955073814356497e-01,-2.844583281769330618e-01
3.614292866987376396e-01,-2.825627118559844719e-01
3.636456225841395162e-01,-2.843230850986243063e-01
3.669735641372056101e-01,-2.891604215514560483e-01
3.706998313719001570e-01,-2.906056218608573660e-01
3.673737519288156061e-01,-2.920831441409507678e-01
3.673792291848384517e-01,-2.946275212673198363e-01
3.661989661690675524e-01,-2.940473107083771964e-01
3.598471737520873015e-01,-2.944542642639138008e-01
3.640706895774804552e-01,-2.973717840728567485e-01
3.662339153509246437e-01,-2.961935473781744932e-01
3.671885589329253463e-01,-2.898201577009856256e-01
3.691970245821565300e-01,-2.894079220256904339e-01
3.694560656042170099e-01,-2.876300968392807578e-01
3.693667980691625052e-01,-2.905627758424909057e-01
3.709945360726890073e-01,-2.927102209487921214e-01
3.640166271894689221e-01,-2.920544678223961910e-01
3.648804868825151759e-01,-2.932608495798063597e-01
3.560119966148903581e-01,-2.866213297330909571e-01
3.623136350076842094e-01,-2.872086413131116345e-01
3.642319450562782057e-01,-2.882491500904425519e-01
3.671978549740198550e-01,-2.891331705937477126e-01
3.734859228080369409e-01,-2.925702035430742809e-01
3.776635849263874634e-01,-2.937738875257111526e-01
3.771692097339083283e-01,-2.961224764294637102e-01
3.743971569926543563e-01,-2.894599165280931086e-01
3.778585864503229419e-01,-2.912557197817980392e-01
3.792623872460886281e-01,-2.905652696972456095e-01
3.797638256593849349e-01,-2.886982609127940469e-01
3.739611683454252544e-01,-2.827993781677997087e-01
3.678925033109602949e-01,-2.756760330093614986e-01
3.749643507300803869e-01,-2.897106786965822911e-01
3.753867942593360763e-01,-2.895884774756707358e-01
3.677728081255787207e-01,-2.852873838802445494e-01
-1.017283614917205092e+00,9.817554740046101625e-01
-1.025453353982506810e+00,9.801910778415041658e-01
-1.028781161666764365e+00,9.791638382118954542e-01
-1.026151439290004186e+00,9.793427459100878529e-01
-1.027565616877135213e+00,9.838368379810331632e-01
-1.021638840022438321e+00,9.844025276055050622e-01
-1.020014305234754115e+00,9.858375270659786027e-01
-1.016975984536660160e+00,9.821819621907900144e-01
-1.017048471585816571e+00,9.865429211110351426e-01
-1.012189703614462921e+00,9.843822508910961000e-01
-1.007840212127467661e+00,9.876114563938949154e-01
-1.007658093234318875e+00,9.895956681016242484e-01
-1.008913913332769141e+00,9.901803411284997303e-01
-1.008730676878682120e+00,9.913545474797097468e-01
-1.013235629964865714e+00,9.923680694881620301e-01
-1.015518939430976042e+00,9.955631030412704918e-01
-1.015020097324884629e+00,1.008618041481127658e+00
-1.019253328553470617e+00,1.008801696454407981e+00
-1.021096832995927794e+00,9.969566496719699522e-01
-1.026877410892832021e+00,9.959537126703108534e-01
-1.032643165561702991e+00,9.958661620345640175e-01
-1.029860846745039638e+00,9.926937022363730989e-01
-1.025647688956140779e+00,9.893189244826458006e-01
-1.023284056632262518e+00,9.852850410144565751e-01
-1.017002292783923734e+00,9.875585821421759558e-01
-1.019037165590218619e+00,9.888743513955849940e-01
-1.018935894822156074e+00,9.801269163203892854e-01
-1.028684637600496110e+00,9.755712435692549533e-01
-1.028856323763756464e+00,9.749310970626998696e-01
-1.030940782593590566e+00,9.767483344223327757e-01
-1.027963248646457384e+00,9.777955719531059575e-01
-1.026339038946901816e+00,9.815830928276882972e-01
-1.026425702079731161e+00,9.809836878581162933e-01
-1.027444763261924354e+00,9.784192525083115211e-01
-1.025750800483271608e+00,9.758997866099197172e-01
-1.032386631565521906e+00,9.760311166291963936e-01
-1.031898254151712102e+00,9.771017639236150298e-01
-1.031136461962709472e+00,9.767518203468588123e-01
-1.029776311269712696e+00,9.769144614234461788e-01
-1.030403327279426628e+00,9.822761715854941844e-01
-1.031593327612212674e+00,9.802648849181255786e-01
-1.033281068168695027e+00,9.790272658926779670e-01
-1.030338652404485744e+00,9.805925925840515145e-01
-1.036291194198156074e+00,9.772969374522747499e-01
-1.036752283773928474e+00,9.773264616895572798e-01
-1.039764026418914522e+00,9.776502559278561488e-01
-1.039228462618921434e+00,9.774871839395030682e-01
-1.044053303195763505e+00,9.757789197726293162e-01
-1.035370028334066550e+00,9.745405213101684394e-01
-1.035892640810462950e+00,9.778497564800083808e-01
-1.036273999590486161e+00,9.813311483999000995e-01
-1.026744292665550118e+00,9.843473065333254723e-01
-1.025086095249449603e+00,9.819003251607316685e-01
-1.024411601048009768e+00,9.815533894876136145e-01
-1.017741893322876567e+00,9.812360306956591227e-01
-1.010222782406599462e+00,9.896128163059594307e-01
-1.009529489436116201e+00,9.881616918053017784e-01
-1.015915876660886896e+00,9.840438022206940971e-01
-1.020417948136330466e+00,9.828920528121811717e-01
-1.024786112221093504e+00,9.766066301171778541e-01
-1.027906776393143762e+00,9.713816827380301611e-01
-1.024621833029413009e+00,9.656736205061922096e-01
-1.021722471758110151e+00,9.648751541392888154e-01
-1.012811866958963636e+00,9.691137549771204895e-01
-1.007523179559075777e+00,9.659776404797218996e-01
-1.010509765456577114e+00,9.733533380593482054e-01
-1.019089141277974786e+00,9.753376454724291822e-01
-1.018729836234804287e+00,9.878600369264128878e-01
-1.019054357497590102e+00,9.887618376888582805e-01
-1.018802570541762043e+00,9.979160180099596600e-01
-1.018502522765167617e+00,9.916041856166284418e-01
-1.020191385643665516e+00,9.896291498611129445e-01
-1.018615877748390464e+00,9.868973521249885250e-01
-1.016476278393416477e+00,9.865482521390801507e-01
-1.015774242855988607e+00,9.841192401823714020e-01
-1.023221626186341826e+00,9.849068831813052594e-01
-1.020051552494792846e+00,9.831752242565710009e-01
-1.019651349728040834e+00,9.887163940448027155e-01
-1.020206591992534495e+00,9.914301067904464082e-01
-1.022286890505710533e+00,9.956622432323118943e-01
-1.029317398711514731e+00,9.922775581503097131e-01
-1.026323840810669186e+00,9.918313846872345296e-01
-1.026205720124651943e+00,9.904223817494297588e-01
-1.025682315697573177e+00,9.888264765706364923e-01
-1.027699086003578843e+00,9.968725242996516744e-01
-1.025579001920933431e+00,1.001898598679699770e+00
-1.022093367261013519e+00,9.975893326738470845e-01
-1.021531571681741024e+00,9.923007030719065424e-01
-1.012057570793581940e+00,9.819288505743744011e-01
-1.014308789306771041e+00,9.818404139304365286e-01
-1.013224467694969100e+00,9.799718834104254039e-01
-1.014064481837744891e+00,9.787198572082008718e-01
-1.014664702371245397e+00,9.715491288034091566e-01
-1.016606690209707953e+00,9.711731404317011096e-01
-1.009760922033447361e+00,9.678744740320660567e-01
-1.007307317278081538e+00,9.712261519754082917e-01
-1.010688865991795193e+00,9.721549735803650671e-01
-1.015139011251876999e+00,9.747748401018098141e-01
-1.018079326023023867e+00,9.819613637795652217e-01
-1.015183357326677527e+00,9.854419653168309257e-01
-1.014738699436933622e+00,9.854993206244888615e-01
-1.018608432940179664e+00,9.846104809417356440e-01
-1.016197795019491368e+00,9.923397513405147752e-01
-1.017951785768451467e+00,9.894685710589670169e-01
-1.008203912369085797e+00,9.834825917252181249e-01
-1.010925922226630469e+00,9.826789167275999937e-01
-1.010858550090378838e+00,9.742525784894517926e-01
-1.011408047522074583e+00,9.757159369985279884e-01
-1.017141011007797635e+00,9.842484527597983313e-01
-1.016837737533213826e+00,9.903760905556882044e-01
-1.021113219982545672e+00,9.839991956080907931e-01
-1.024739971213258327e+00,9.760074070347879438e-01
-1.025774497930209028e+00,9.721266084664826890e-01
-1.030159116313050127e+00,9.704215031317098283e-01
-1.030492988344234417e+00,9.729219882975339573e-01
-1.026312578047536617e+00,9.757513519689100523e-01
-1.017092075413111196e+00,9.815600671923038201e-01
-1.022328870277605439e+00,9.886053684139921582e-01
-1.016849431120370628e+00,9.881313137800287194e-01
-1.019729204722773286e+00,9.904688636691447723e-01
-1.022943136514859575e+00,9.875878180022954478e-01
-1.025406293703163163e+00,9.852263182999073665e-01
-1.022169608856638767e+00,9.836098120091920638e-01
-1.023465245814175084e+00,9.816729095535545735e-01
-1.028195605676476054e+00,9.816771593751771885e-01
-1.028571060715853802e+00,9.715182169883221919e-01
-1.028869359067365208e+00,9.636964103489098488e-01
-1.023265296197449992e+00,9.609171377390417490e-01
-1.024068348196971012e+00,9.628811985415911545e-01
-1.024802480441065144e+00,9.634733563676441959e-01
-1.017971720829301541e+00,9.561979345540353448e-01
-1.015333122194595594e+00,9.572716408459824855e-01
-1.018721859853003231e+00,9.576218188244590701e-01
-1.014631913669116203e+00,9.561878047305627515e-01
-1.014355326106934019e+00,9.598074980505965081e-01
-1.021704389280561065e+00,9.669542685366072643e-01
-1.030841249659239400e+00,9.720258800260304088e-01
-1.028375740234156011e+00,9.703012622738799164e-01
-1.027852183565971078e+00,9.725376184611211894e-01
-1.028289760945570341e+00,9.732131835150735766e-01
-1.024568883216732118e+00,9.750802263197244635e-01
-1.019341686485418785e+00,9.780415669684376923e-01
-1.017609853459759517e+00,9.790939112231342722e-01
-1.014441444370387746e+00,9.851231851221120550e-01
-1.013767323966401568e+00,9.840564798518705025e-01
-1.019435097467692231e+00,9.875425186270803124e-01
-1.021088524007456311e+00,9.907216966161587202e-01
-1.020506705197899766e+00,9.896370781856818066e-01
-1.017294068374154259e+00,9.879295027170214016e-01
-1.011850185648409450e+00,9.731413798487276168e-01
-1.008628997600779620e+00,9.719238532797495056e-01
-1.014810882055926289e+00,9.655948648055530104e-01
-1.014252892025972352e+00,9.634506170085237464e-01
-1.009698016583435276e+00,9.648780047603636723e-01
-1.004991241815623271e+00,9.632320365107844840e-01
-1.008798287774799185e+00,9.689326260209609742e-01
-1.004268412133295207e+00,9.735549298835461940e-01
-1.014006485488433196e+00,9.709842259669817510e-01
-1.014883693726980951e+00,9.667064824405162682e-01
-1.019473601388247497e+00,9.633040369640297751e-01
-1.017862846313845493e+00,9.643568117446212895e-01
-1.021142387812152164e+00,9.640339731116427391e-01
-1.020369511501824533e+00,9.636219618555446065e-01
-1.022635658009933390e+00,9.612981802995412828e-01
-1.018113687804240719e+00,9.590878735323100646e-01
-1.013927383589031006e+00,9.606672059822332077e-01
-1.016553819406941228e+00,9.650497376058018162e-01
-1.019500111267434450e+00,9.626845867420041891e-01
-1.023563341730234777e+00,9.581580725241267693e-01
-1.039226673577006377e+00,9.632391823807602282e-01
-1.035610289636351933e+00,9.614453915749926471e-01
-1.040723134185349341e+00,9.559098582491178941e-01
-1.030414941362926662e+00,9.520505502519523988e-01
-1.023870001422562792e+00,9.567319260743127884e-01
-1.024390395438338430e+00,9.600036784127760070e-01
-1.024922488218444450e+00,9.668219951548361335e-01
-1.019068496448843009e+00,9.683441755901138759e-01
-1.010552598145416425e+00,9.713912216956772649e-01
-1.003859062013112480e+00,9.709203663033956211e-01
-1.018080613634315235e+00,9.668438925268600936e-01
-1.025597629931934041e+00,9.640734445874026282e-01
-1.029354169115466178e+00,9.588281321358066434e-01
-1.029912384612960530e+00,9.603733377745076183e-01
-1.030794490012700626e+00,9.617732636551066250e-01
-1.037329249682853005e+00,9.641588604164718079e-01
-1.028978200888557293e+00,9.670751878755463604e-01
-1.028465594227692126e+00,9.698787701755535728e-01
-1.022427144494638673e+00,9.725087278480921693e-01
-1.014282507006264655e+00,9.712540919304102349e-01
-1.000548397585619975e+00,9.640976849884561606e-01
-1.001614883046000104e+00,9.599257846919482251e-01
-9.929982093316864766e-01,9.508733327923603040e-01
-1.001619115530802739e+00,9.516863031538133066e-01
-1.001992158933537658e+00,9.439951445151872900e-01
-1.003300125739430282e+00,9.325891661451449766e-01
-1.007509565044470312e+00,9.377056947791646557e-01
-1.012482963082145693e+00,9.423183468194187284e-01
-1.011157674588911926e+00,9.557554859136728753e-01
-1.007310336534029238e+00,9.510077450426921430e-01
-1.005348992626068583e+00,9.473806638776094413e-01
-1.004742150431668257e+00,9.467974105628519377e-01
-1.012963607768824437e+00,9.530057105381403160e-01
-1.012783255863725307e+00,9.577082742782797586e-01
-1.016033030077926780e+00,9.680211322396192752e-01
-1.015493180793102468e+00,9.729755252495164708e-01
-1.014100687879691431e+00,9.734601235909693395e-01
-1.016636570649243509e+00,9.743099305284308453e-01
-1.006978429897660288e+00,9.752291482790471644e-01
-1.014770539727850363e+00,9.734980331990641389e-01
-1.012867809421379217e+00,9.657633477921727660e-01
-1.015871609085955196e+00,9.676381844163345347e-01
-1.006421663455184135e+00,9.591219982376099074e-01
-1.006986985438271809e+00,9.615735701727563534e-01
-1.004958729877002410e+00,9.662621049714636978e-01
-1.002780458192697344e+00,9.661084462279623253e-01
-1.009169963760610189e+00,9.672085627812554431e-01
-1.010270041922973761e+00,9.638773338350723474e-01
-1.017525667800369682e+00,9.639255814683366230e-01
-1.017390148121762650e+00,9.649930841957304883e-01
-1.012169979186369639e+00,9.709359661878165237e-01
-1.015005598168225998e+00,9.752645917479512150e-01
-1.021844512021562457e+00,9.772533315461884307e-01
-1.028195316068172271e+00,9.843556696162454323e-01
-1.032278334570338796e+00,9.879528700117929940e-01
-1.032836879635148364e+00,9.909229541581190404e-01
-1.032750782278703872e+00,9.907243452372208603e-01
-1.029675680574655194e+00,9.828238323426646827e-01
-1.032875856046701735e+00,9.789790139931808799e-01
-1.025115130891867121e+00,9.741804542939668243e-01
-1.019528423293443176e+00,9.723387707855277728e-01
-1.012538770923056664e+00,9.710760584098079296e-01
-1.001067515035101607e+00,9.672974065667783172e-01
-1.004458049089700822e+00,9.668634110232289247e-01
-1.006198264057730052e+00,9.646945982148227294e-01
-1.009733402231194122e+00,9.658558282209046553e-01
-1.005644529450803848e+00,9.675951335768032679e-01
-1.005024741696201263e+00,9.688527580683865548e-01
-1.005052314314289319e+00,9.676614471229175729e-01
-1.004025429368618605e+00,9.680064387581044372e-01
-1.011332261022679369e+00,9.717759536381997965e-01
-1.012621498337860970e+00,9.709725879320125763e-01
-1.006235098081474932e+00,9.693084124441710969e-01
-9.999542206669584932e-01,9.666296070818056752e-01
-1.013382205333141162e+00,9.665204880512258123e-01
-1.016058485293600988e+00,9.652740994414364950e-01
-1.016799664484824506e+00,9.599554157635107332e-01
-1.016490095473542965e+00,9.583915153897314410e-01
-1.021430582403464848e+00,9.622660324852351232e-01
-1.022678441493679369e+00,9.666596557769892017e-01
-1.022397548248664023e+00,9.704739324947274648e-01
-1.022858895218139663e+00,9.695295638495367019e-01
-1.027492220895836139e+00,9.615612308458043600e-01
-1.025123453197881007e+00,9.593710361094702765e-01
-1.020212044989369904e+00,9.529586028014602750e-01
-1.026197047316655064e+00,9.569868234256467820e-01
-1.020529490440012843e+00,9.597232125463410757e-01
-1.026038153061241465e+00,9.585395621292394086e-01
-1.022587158219052883e+00,9.609798754139725618e-01
-1.023959332097996944e+00,9.629817743687995035e-01
-1.020830801267309518e+00,9.760412030232109570e-01
-1.022261698968987220e+00,9.795958482285053170e-01
-1.020407698294638621e+00,9.827952174341987313e-01
-1.020593698510329217e+00,9.853975208165345334e-01
-1.022665203902999753e+00,9.881866010769699837e-01
-1.021104555783326262e+00,9.871830927861638960e-01
-1.029259023166049669e+00,9.915740736145930434e-01
-1.031843985014169629e+00,9.837313054524827738e-01
-1.029241357039666571e+00,9.814044996296633627e-01
-1.028821622794185542e+00,9.739280442844348018e-01
-1.041287037258063597e+00,9.677296011112159757e-01
-1.032916381653965043e+00,9.629557580468850464e-01
-1.029308133231388478e+00,9.623302926079628783e-01
-1.026051604499512049e+00,9.647626472723282998e-01
-1.016833336593862214e+00,9.647169309861124420e-01
-1.017020797129577048e+00,9.608879333208800722e-01
-1.018901674000094237e+00,9.512003871565704038e-01
-1.016631604274389478e+00,9.436160614347992581e-01
-1.017027928660795055e+00,9.431168530301351494e-01
-1.024019500695349860e+00,9.477909859785011992e-01
-1.020282344829564591e+00,9.549222398763884678e-01
-1.015589552786104743e+00,9.607058128970074051e-01
-1.019970744886897096e+00,9.596363690546036995e-01
-1.015242729551341760e+00,9.610579493441164800e-01
-1.017027103328535187e+00,9.635211736779814018e-01
-1.015409351035748475e+00,9.559432678064487821e-01
-1.013764670702535842e+00,9.564768162057006862e-01
-1.009279317714820934e+00,9.550721226948021281e-01
-1.012054980549154770e+00,9.504816046061262957e-01
-1.014638198898637267e+00,9.491272596186394184e-01
-1.011205139576969891e+00,9.525846913671854876e-01
-1.006263662236460465e+00,9.549617045286135086e-01
-1.005122272095750890e+00,9.551451999228470768e-01
-1.000066516637317715e+00,9.623472282958211999e-01
-1.001058474760535999e+00,9.645198929640396157e-01
-1.003630450737297064e+00,9.687340199825239528e-01
-1.003728935968301483e+00,9.676379145616803568e-01
-1.005433503423711183e+00,9.697307456109794943e-01
-1.003202829584608491e+00,9.693283303808987172e-01
-1.006485040725439539e+00,9.653465073125625517e-01
-1.006753366281069040e+00,9.644118100260212767e-01
-1.012599749248416003e+00,9.669241613830952264e-01
-1.016325841192710744e+00,9.682900708460525641e-01
-1.017151701426638244e+00,9.639221063730849526e-01
-1.011808690717405756e+00,9.611752081751536725e-01
-1.007742021379008701e+00,9.538306737342886477e-01
-1.009976621133814589e+00,9.511950318828659157e-01
-1.013885291019366530e+00,9.510666117601774827e-01
-1.022128199861104925e+00,9.427029500210939439e-01
-1.017107163212179533e+00,9.515480697613893923e-01
-1.020134479032142494e+00,9.537368719409982099e-01
-1.012359743021046476e+00,9.595953894051755251e-01
-1.009031096797305072e+00,9.619500184118823238e-01
-1.001347920760065957e+00,9.628639489750764335e-01
-9.974401813885169776e-01,9.660160731275567736e-01
-1.001328723541982768e+00,9.666889186695837299e-01
-1.001651836314658262e+00,9.635741054809880968e-01
-1.010146760360739471e+00,9.643591920478270518e-01
-1.007868476713567496e+00,9.605605576266470491e-01
-1.004066499122766132e+00,9.654354803484761494e-01
-1.004129828451563844e+00,9.652578432472627146e-01
-1.008260837427731538e+00,9.600764088927187245e-01
-1.007918960189811752e+00,9.610461187266040595e-01
-1.007927298745334266e+00,9.641925369910419041e-01
-1.009247183020228977e+00,9.633152438025208708e-01
-1.002261297132283957e+00,9.588783788706043421e-01
-1.001089884987274026e+00,9.589998745845811357e-01
-9.977648836614565475e-01,9.594079500064464083e-01
-1.000090621073716157e+00,9.641850685069609517e-01
-1.002939557600091458e+00,9.700031032727682856e-01
-1.004591764697216227e+00,9.727536096175162239e-01
-1.008018543364015196e+00,9.746911930501946930e-01
-1.007610457826484840e+00,9.769457141004271872e-01
-1.006391444795582846e+00,9.759042140928591014e-01
-1.005504322824145813e+00,9.712615589832302998e-01
-1.008777354732526499e+00,9.712322393177850177e-01
-1.008052482796118365e+00,9.730038520747510411e-01
-1.004827693978856296e+00,9.795877908960479719e-01
-1.005179537007498070e+00,9.774493987882094670e-01
-1.010983167222061496e+00,9.714932463214275282e-01
-1.004770121724894327e+00,9.729874231240071003e-01
-1.005419736450061219e+00,9.818777649805897623e-01
-1.007802360270237951e+00,9.749357745967084377e-01
-1.007107445622575703e+00,9.698670016808994543e-01
-1.012984334193471003e+00,9.689584026794333393e-01
-1.007616437581740243e+00,9.686216640531603028e-01
-1.007302697566126337e+00,9.676729531987944277e-01
-1.012113630931090302e+00,9.711571722751201063e-01
-1.012488906185061932e+00,9.668312920252188913e-01
-1.018726274574758284e+00,9.675463604111153026e-01
-1.014403254112844710e+00,9.667323045700096928e-01
-1.016514915042256550e+00,9.605146824577680542e-01
-1.009779332282612074e+00,9.558299921638896413e-01
-1.025486781968482308e+00,9.505758268315713799e-01
-1.037171942127400603e+00,9.513190431926011881e-01
-1.033885225570302158e+00,9.639318235024614268e-01
-1.022276073248514328e+00,9.574385632013919789e-01
-1.004579807121482649e+00,9.485871849627631747e-01
-1.000684380354957437e+00,9.430753267797998829e-01
-1.001028883675739944e+00,9.505759306204726311e-01
-1.003345958983819841e+00,9.567826912973177444e-01
-1.015778015839475135e+00,9.580762193585483644e-01
-1.009973491678811008e+00,9.615661281895226953e-01
-1.024240561226042567e+00,9.643733069947348913e-01
-1.033014936832293174e+00,9.662043821067229921e-01
-1.062333243510228620e+00,9.686188587683954854e-01
-1.051287450153335801e+00,9.731077846850552104e-01
-1.944142855891127342e+00,1.180723691075089565e+00
-1.984305732569578318e+00,1.183693860205522697e+00
